participant.id_in_session,participant.code,participant.label,participant._is_bot,participant._index_in_pages,participant._max_page_index,participant._current_app_name,participant._current_page_name,participant.ip_address,participant.time_started,participant.visited,participant.mturk_worker_id,participant.mturk_assignment_id,participant.payoff,player.id_in_group,player.strategies,player.row_move,player.random_time,player.payoff,group.id_in_subsession,subsession.round_number,session.code,session.label,session.experimenter_name,session.mturk_HITId,session.mturk_HITGroupId,session.comment,session.is_demo
1,i2k63arc,LAB3,0,46,45,payoff,GameOutcome,10.45.83.39,2019-01-24 19:14:24.645787+00:00,1,,,1307,1,"[{""strategy"":1,""time"":15.915}]",1,16,0,1,1,u5a83rs1,,,,,,0
2,e7vef4ct,LAB2,0,46,45,payoff,GameOutcome,10.7.217.98,2019-01-24 19:14:25.952334+00:00,1,,,2206,2,"[{""strategy"":1,""time"":1.001},{""strategy"":2,""time"":19.776},{""strategy"":1,""time"":20.257},{""strategy"":2,""time"":22.352},{""strategy"":1,""time"":26.056},{""strategy"":2,""time"":29.88},{""strategy"":1,""time"":30.28},{""strategy"":2,""time"":34.232},{""strategy"":1,""time"":34.522},{""strategy"":2,""time"":42.36},{""strategy"":1,""time"":42.655},{""strategy"":2,""time"":45.887},{""strategy"":1,""time"":46.746},{""strategy"":2,""time"":47.648},{""strategy"":1,""time"":48.186},{""strategy"":2,""time"":48.928},{""strategy"":1,""time"":49.504}]",1,43,800,1,1,u5a83rs1,,,,,,0
3,arsuawn4,LAB1,0,46,45,payoff,GameOutcome,10.45.226.108,2019-01-24 19:14:33.522271+00:00,1,,,907,3,"[{""strategy"":1,""time"":2.805},{""strategy"":2,""time"":9.684},{""strategy"":1,""time"":17.189},{""strategy"":2,""time"":27.949},{""strategy"":1,""time"":37.692},{""strategy"":2,""time"":48.447},{""strategy"":1,""time"":56.276}]",1,43,0,1,1,u5a83rs1,,,,,,0
4,dzvoom61,LAB10,0,46,45,payoff,GameOutcome,10.45.226.108,2019-01-24 19:14:28.455808+00:00,1,,,2007,4,"[{""strategy"":1,""time"":5.943}]",1,21,0,1,1,u5a83rs1,,,,,,0
5,o7opjixh,LAB4,0,46,45,payoff,GameOutcome,10.30.85.49,2019-01-24 19:14:32.543879+00:00,1,,,1307,5,"[{""strategy"":1,""time"":4.872}]",1,56,0,1,1,u5a83rs1,,,,,,0
6,3tzs1326,LAB5,0,46,45,payoff,GameOutcome,10.47.177.9,2019-01-24 19:14:33.744233+00:00,1,,,2107,6,"[{""strategy"":1,""time"":0.728},{""strategy"":2,""time"":9.045},{""strategy"":1,""time"":23.372},{""strategy"":2,""time"":49.057},{""strategy"":1,""time"":49.764}]",1,7,0,1,1,u5a83rs1,,,,,,0
7,yucx76nj,LAB8,0,46,45,payoff,GameOutcome,10.51.203.60,2019-01-24 19:14:29.560214+00:00,1,,,1806,7,"[{""strategy"":1,""time"":0.719}]",1,54,800,1,1,u5a83rs1,,,,,,0
8,a9caswms,LAB6,0,46,45,payoff,GameOutcome,10.145.91.102,2019-01-24 19:14:33.749936+00:00,1,,,1906,8,"[{""strategy"":1,""time"":2.922},{""strategy"":2,""time"":7.383},{""strategy"":1,""time"":8.354},{""strategy"":2,""time"":8.94},{""strategy"":1,""time"":9.574},{""strategy"":2,""time"":10.009},{""strategy"":1,""time"":11.186},{""strategy"":2,""time"":11.705},{""strategy"":1,""time"":17.457},{""strategy"":2,""time"":25.813},{""strategy"":1,""time"":29.48}]",1,34,0,1,1,u5a83rs1,,,,,,0
9,towf6ijh,LAB12,0,46,45,payoff,GameOutcome,10.147.13.174,2019-01-24 19:14:34.314022+00:00,1,,,1607,9,"[{""strategy"":1,""time"":1.743}]",1,49,0,1,1,u5a83rs1,,,,,,0
10,v75dqmax,LAB13,0,46,45,payoff,GameOutcome,10.51.250.60,2019-01-24 19:14:32.576392+00:00,1,,,2007,10,"[{""strategy"":1,""time"":0.774}]",1,35,0,1,1,u5a83rs1,,,,,,0
11,j7yvqfnk,LAB9,0,46,45,payoff,GameOutcome,10.33.189.124,2019-01-24 19:14:36.352740+00:00,1,,,2200,11,"[{""strategy"":1,""time"":1.325}]",1,57,0,1,1,u5a83rs1,,,,,,0
12,h3nu4vm6,LAB14,0,46,45,payoff,GameOutcome,10.16.198.175,2019-01-24 19:14:35.894569+00:00,1,,,1800,12,"[{""strategy"":1,""time"":0.483}]",1,31,0,1,1,u5a83rs1,,,,,,0
13,960qiq0v,LAB15,0,46,45,payoff,GameOutcome,10.149.119.251,2019-01-24 19:14:34.423000+00:00,1,,,1907,13,"[{""strategy"":1,""time"":0.716}]",1,52,0,1,1,u5a83rs1,,,,,,0
14,kv9veiwp,LAB7,0,46,45,payoff,GameOutcome,10.145.91.102,2019-01-24 19:14:37.755345+00:00,1,,,1606,14,"[{""strategy"":2,""time"":2.273},{""strategy"":1,""time"":11.519}]",2,11,0,1,1,u5a83rs1,,,,,,0
15,40uoe7hc,LAB16,0,46,45,payoff,GameOutcome,10.47.229.186,2019-01-24 19:14:35.226242+00:00,1,,,1207,15,"[{""strategy"":1,""time"":8.817}]",1,23,0,1,1,u5a83rs1,,,,,,0
16,a7q3hufe,LAB17,0,46,45,payoff,GameOutcome,10.45.226.108,2019-01-24 19:14:38.945970+00:00,1,,,1306,16,"[{""strategy"":2,""time"":2.967},{""strategy"":1,""time"":10.141}]",1,43,800,1,1,u5a83rs1,,,,,,0
17,fo0lbree,LAB18,0,46,45,payoff,GameOutcome,10.35.211.221,2019-01-24 19:14:39.482803+00:00,1,,,2806,17,"[{""strategy"":1,""time"":1.351}]",1,28,800,1,1,u5a83rs1,,,,,,0
18,veies0ax,LAB20,0,46,45,payoff,GameOutcome,10.29.86.227,2019-01-24 19:14:40.501945+00:00,1,,,1807,18,"[{""strategy"":1,""time"":0.485}]",1,58,0,1,1,u5a83rs1,,,,,,0
19,6twian0l,LAB19,0,46,45,payoff,GameOutcome,10.123.135.185,2019-01-24 19:14:42.211719+00:00,1,,,606,19,"[{""strategy"":1,""time"":4.386}]",1,12,0,1,1,u5a83rs1,,,,,,0
20,ezvwttsg,LAB21,0,46,45,payoff,GameOutcome,10.63.159.3,2019-01-24 19:14:45.073425+00:00,1,,,2006,20,"[{""strategy"":1,""time"":5.182}]",1,10,0,1,1,u5a83rs1,,,,,,0
21,wfotk6bs,LAB22,0,46,45,payoff,GameOutcome,10.65.212.112,2019-01-24 19:14:55.919089+00:00,1,,,2507,21,"[{""strategy"":1,""time"":0.447}]",1,21,0,1,1,u5a83rs1,,,,,,0
1,i2k63arc,LAB3,0,46,45,payoff,GameOutcome,10.45.83.39,2019-01-24 19:14:24.645787+00:00,1,,,1307,1,"[{""strategy"":1,""time"":13.552},{""strategy"":2,""time"":36.359},{""strategy"":1,""time"":55.031}]",0,11,0,1,2,u5a83rs1,,,,,,0
2,e7vef4ct,LAB2,0,46,45,payoff,GameOutcome,10.7.217.98,2019-01-24 19:14:25.952334+00:00,1,,,2206,2,"[{""strategy"":1,""time"":1.318},{""strategy"":2,""time"":4.765},{""strategy"":1,""time"":5.213},{""strategy"":2,""time"":7.485},{""strategy"":1,""time"":9.838},{""strategy"":2,""time"":12.869},{""strategy"":1,""time"":15.679},{""strategy"":2,""time"":18.11},{""strategy"":1,""time"":20.709},{""strategy"":2,""time"":23.461},{""strategy"":1,""time"":25.333},{""strategy"":2,""time"":27.581},{""strategy"":1,""time"":29.437},{""strategy"":2,""time"":32.053},{""strategy"":1,""time"":33.445},{""strategy"":2,""time"":35.308},{""strategy"":1,""time"":36.653},{""strategy"":2,""time"":37.621},{""strategy"":1,""time"":38.748},{""strategy"":2,""time"":39.556},{""strategy"":1,""time"":40.628},{""strategy"":2,""time"":41.565},{""strategy"":1,""time"":42.589},{""strategy"":2,""time"":43.564},{""strategy"":1,""time"":44.589},{""strategy"":2,""time"":45.676},{""strategy"":1,""time"":46.717},{""strategy"":2,""time"":47.636},{""strategy"":1,""time"":48.812},{""strategy"":2,""time"":49.829},{""strategy"":1,""time"":50.676},{""strategy"":2,""time"":51.532},{""strategy"":1,""time"":52.452},{""strategy"":2,""time"":53.356},{""strategy"":1,""time"":54.26},{""strategy"":2,""time"":54.972},{""strategy"":1,""time"":55.702},{""strategy"":2,""time"":56.412},{""strategy"":1,""time"":57.124},{""strategy"":2,""time"":57.753},{""strategy"":1,""time"":58.452},{""strategy"":2,""time"":59.052},{""strategy"":1,""time"":59.644},{""strategy"":2,""time"":60.252},{""strategy"":1,""time"":60.924},{""strategy"":2,""time"":61.548},{""strategy"":1,""time"":62.18},{""strategy"":2,""time"":62.86},{""strategy"":1,""time"":63.613},{""strategy"":2,""time"":64.212},{""strategy"":1,""time"":64.908}]",1,39,0,1,2,u5a83rs1,,,,,,0
3,arsuawn4,LAB1,0,46,45,payoff,GameOutcome,10.45.226.108,2019-01-24 19:14:33.522271+00:00,1,,,907,3,"[{""strategy"":1,""time"":2.047},{""strategy"":2,""time"":8.77},{""strategy"":1,""time"":26.165},{""strategy"":2,""time"":38.974},{""strategy"":1,""time"":50.549},{""strategy"":2,""time"":58.997}]",2,14,0,1,2,u5a83rs1,,,,,,0
4,dzvoom61,LAB10,0,46,45,payoff,GameOutcome,10.45.226.108,2019-01-24 19:14:28.455808+00:00,1,,,2007,4,"[{""strategy"":1,""time"":1.417},{""strategy"":2,""time"":11.001}]",2,12,500,1,2,u5a83rs1,,,,,,0
5,o7opjixh,LAB4,0,46,45,payoff,GameOutcome,10.30.85.49,2019-01-24 19:14:32.543879+00:00,1,,,1307,5,"[{""strategy"":2,""time"":14.056},{""strategy"":1,""time"":16.129},{""strategy"":2,""time"":37.589}]",1,22,100,1,2,u5a83rs1,,,,,,0
6,3tzs1326,LAB5,0,46,45,payoff,GameOutcome,10.47.177.9,2019-01-24 19:14:33.744233+00:00,1,,,2107,6,"[{""strategy"":1,""time"":0.509},{""strategy"":2,""time"":6.825},{""strategy"":1,""time"":24.117},{""strategy"":2,""time"":41.618},{""strategy"":1,""time"":48.159}]",2,46,500,1,2,u5a83rs1,,,,,,0
7,yucx76nj,LAB8,0,46,45,payoff,GameOutcome,10.51.203.60,2019-01-24 19:14:29.560214+00:00,1,,,1806,7,"[{""strategy"":1,""time"":0.375},{""strategy"":2,""time"":8.87},{""strategy"":1,""time"":18.082},{""strategy"":2,""time"":28.583},{""strategy"":1,""time"":39.644},{""strategy"":2,""time"":50.693},{""strategy"":1,""time"":59.699}]",1,41,0,1,2,u5a83rs1,,,,,,0
8,a9caswms,LAB6,0,46,45,payoff,GameOutcome,10.145.91.102,2019-01-24 19:14:33.749936+00:00,1,,,1906,8,"[{""strategy"":1,""time"":13.688},{""strategy"":2,""time"":17.195},{""strategy"":1,""time"":33.199},{""strategy"":2,""time"":44.158}]",1,40,0,1,2,u5a83rs1,,,,,,0
9,towf6ijh,LAB12,0,46,45,payoff,GameOutcome,10.147.13.174,2019-01-24 19:14:34.314022+00:00,1,,,1607,9,"[{""strategy"":1,""time"":0.898},{""strategy"":2,""time"":22.694},{""strategy"":1,""time"":36.492}]",2,33,0,1,2,u5a83rs1,,,,,,0
10,v75dqmax,LAB13,0,46,45,payoff,GameOutcome,10.51.250.60,2019-01-24 19:14:32.576392+00:00,1,,,2007,10,"[{""strategy"":1,""time"":1.448},{""strategy"":2,""time"":9.208}]",2,41,0,1,2,u5a83rs1,,,,,,0
11,j7yvqfnk,LAB9,0,46,45,payoff,GameOutcome,10.33.189.124,2019-01-24 19:14:36.352740+00:00,1,,,2200,11,"[{""strategy"":2,""time"":2.27},{""strategy"":1,""time"":16.452},{""strategy"":2,""time"":24.604},{""strategy"":1,""time"":35.895},{""strategy"":2,""time"":45.787},{""strategy"":1,""time"":61.277}]",2,49,500,1,2,u5a83rs1,,,,,,0
12,h3nu4vm6,LAB14,0,46,45,payoff,GameOutcome,10.16.198.175,2019-01-24 19:14:35.894569+00:00,1,,,1800,12,"[{""strategy"":1,""time"":0.558},{""strategy"":2,""time"":8.378}]",2,26,0,1,2,u5a83rs1,,,,,,0
13,960qiq0v,LAB15,0,46,45,payoff,GameOutcome,10.149.119.251,2019-01-24 19:14:34.423000+00:00,1,,,1907,13,"[{""strategy"":1,""time"":0.739},{""strategy"":2,""time"":33.114}]",1,22,100,1,2,u5a83rs1,,,,,,0
14,kv9veiwp,LAB7,0,46,45,payoff,GameOutcome,10.145.91.102,2019-01-24 19:14:37.755345+00:00,1,,,1606,14,"[{""strategy"":1,""time"":0.558}]",1,11,0,1,2,u5a83rs1,,,,,,0
15,40uoe7hc,LAB16,0,46,45,payoff,GameOutcome,10.47.229.186,2019-01-24 19:14:35.226242+00:00,1,,,1207,15,"[{""strategy"":1,""time"":7.511}]",1,52,0,1,2,u5a83rs1,,,,,,0
16,a7q3hufe,LAB17,0,46,45,payoff,GameOutcome,10.45.226.108,2019-01-24 19:14:38.945970+00:00,1,,,1306,16,"[{""strategy"":1,""time"":9.477}]",1,56,0,1,2,u5a83rs1,,,,,,0
17,fo0lbree,LAB18,0,46,45,payoff,GameOutcome,10.35.211.221,2019-01-24 19:14:39.482803+00:00,1,,,2806,17,"[{""strategy"":1,""time"":1.739}]",1,36,0,1,2,u5a83rs1,,,,,,0
18,veies0ax,LAB20,0,46,45,payoff,GameOutcome,10.29.86.227,2019-01-24 19:14:40.501945+00:00,1,,,1807,18,"[{""strategy"":1,""time"":0.765}]",1,14,100,1,2,u5a83rs1,,,,,,0
19,6twian0l,LAB19,0,46,45,payoff,GameOutcome,10.123.135.185,2019-01-24 19:14:42.211719+00:00,1,,,606,19,"[{""strategy"":1,""time"":7.177}]",1,41,0,1,2,u5a83rs1,,,,,,0
20,ezvwttsg,LAB21,0,46,45,payoff,GameOutcome,10.63.159.3,2019-01-24 19:14:45.073425+00:00,1,,,2006,20,"[{""strategy"":1,""time"":0.427},{""strategy"":2,""time"":4.005}]",1,1,0,1,2,u5a83rs1,,,,,,0
21,wfotk6bs,LAB22,0,46,45,payoff,GameOutcome,10.65.212.112,2019-01-24 19:14:55.919089+00:00,1,,,2507,21,"[{""strategy"":1,""time"":0.993},{""strategy"":2,""time"":34.399},{""strategy"":1,""time"":46.255},{""strategy"":2,""time"":51.823},{""strategy"":1,""time"":62.672}]",1,32,0,1,2,u5a83rs1,,,,,,0
1,i2k63arc,LAB3,0,46,45,payoff,GameOutcome,10.45.83.39,2019-01-24 19:14:24.645787+00:00,1,,,1307,1,"[{""strategy"":1,""time"":0.887},{""strategy"":2,""time"":4.015},{""strategy"":1,""time"":5.048},{""strategy"":2,""time"":8.064},{""strategy"":1,""time"":11.912},{""strategy"":2,""time"":15.103},{""strategy"":1,""time"":19.287},{""strategy"":2,""time"":22.711},{""strategy"":1,""time"":26.047},{""strategy"":2,""time"":30.071},{""strategy"":1,""time"":34.399},{""strategy"":2,""time"":37.855},{""strategy"":1,""time"":42.063},{""strategy"":2,""time"":45.464},{""strategy"":1,""time"":48.064},{""strategy"":2,""time"":54.711},{""strategy"":1,""time"":61.207}]",1,35,0,1,3,u5a83rs1,,,,,,0
2,e7vef4ct,LAB2,0,46,45,payoff,GameOutcome,10.7.217.98,2019-01-24 19:14:25.952334+00:00,1,,,2206,2,"[{""strategy"":1,""time"":0.505},{""strategy"":2,""time"":1.791},{""strategy"":1,""time"":3.111},{""strategy"":2,""time"":4.584},{""strategy"":1,""time"":19.735},{""strategy"":2,""time"":20.559},{""strategy"":1,""time"":32.047},{""strategy"":2,""time"":39.695}]",2,19,0,1,3,u5a83rs1,,,,,,0
3,arsuawn4,LAB1,0,46,45,payoff,GameOutcome,10.45.226.108,2019-01-24 19:14:33.522271+00:00,1,,,907,3,"[{""strategy"":2,""time"":1.304},{""strategy"":1,""time"":4.158},{""strategy"":2,""time"":8.438},{""strategy"":1,""time"":13.525},{""strategy"":2,""time"":18.862},{""strategy"":1,""time"":24.644},{""strategy"":2,""time"":31.886},{""strategy"":1,""time"":42.557},{""strategy"":2,""time"":53.01}]",1,48,0,1,3,u5a83rs1,,,,,,0
4,dzvoom61,LAB10,0,46,45,payoff,GameOutcome,10.45.226.108,2019-01-24 19:14:28.455808+00:00,1,,,2007,4,"[{""strategy"":2,""time"":4.126},{""strategy"":1,""time"":5.421},{""strategy"":2,""time"":24.342}]",2,43,0,1,3,u5a83rs1,,,,,,0
5,o7opjixh,LAB4,0,46,45,payoff,GameOutcome,10.30.85.49,2019-01-24 19:14:32.543879+00:00,1,,,1307,5,"[{""strategy"":1,""time"":4.63}]",1,22,0,1,3,u5a83rs1,,,,,,0
6,3tzs1326,LAB5,0,46,45,payoff,GameOutcome,10.47.177.9,2019-01-24 19:14:33.744233+00:00,1,,,2107,6,"[{""strategy"":1,""time"":0.59},{""strategy"":2,""time"":4.31},{""strategy"":1,""time"":24.661},{""strategy"":2,""time"":58.611}]",1,47,0,1,3,u5a83rs1,,,,,,0
7,yucx76nj,LAB8,0,46,45,payoff,GameOutcome,10.51.203.60,2019-01-24 19:14:29.560214+00:00,1,,,1806,7,"[{""strategy"":1,""time"":0.347},{""strategy"":2,""time"":17.432}]",2,31,0,1,3,u5a83rs1,,,,,,0
8,a9caswms,LAB6,0,46,45,payoff,GameOutcome,10.145.91.102,2019-01-24 19:14:33.749936+00:00,1,,,1906,8,"[{""strategy"":2,""time"":0.647},{""strategy"":1,""time"":13.23},{""strategy"":2,""time"":27.033},{""strategy"":1,""time"":36.62}]",1,20,0,1,3,u5a83rs1,,,,,,0
9,towf6ijh,LAB12,0,46,45,payoff,GameOutcome,10.147.13.174,2019-01-24 19:14:34.314022+00:00,1,,,1607,9,"[{""strategy"":2,""time"":1.357},{""strategy"":1,""time"":7.838}]",1,47,300,1,3,u5a83rs1,,,,,,0
10,v75dqmax,LAB13,0,46,45,payoff,GameOutcome,10.51.250.60,2019-01-24 19:14:32.576392+00:00,1,,,2007,10,"[{""strategy"":2,""time"":1.006}]",2,54,0,1,3,u5a83rs1,,,,,,0
11,j7yvqfnk,LAB9,0,46,45,payoff,GameOutcome,10.33.189.124,2019-01-24 19:14:36.352740+00:00,1,,,2200,11,"[{""strategy"":1,""time"":1.102},{""strategy"":2,""time"":15.706},{""strategy"":1,""time"":24.178},{""strategy"":2,""time"":43.673},{""strategy"":1,""time"":49.289}]",2,48,400,1,3,u5a83rs1,,,,,,0
12,h3nu4vm6,LAB14,0,46,45,payoff,GameOutcome,10.16.198.175,2019-01-24 19:14:35.894569+00:00,1,,,1800,12,"[{""strategy"":1,""time"":0.371},{""strategy"":2,""time"":41.944}]",1,27,300,1,3,u5a83rs1,,,,,,0
13,960qiq0v,LAB15,0,46,45,payoff,GameOutcome,10.149.119.251,2019-01-24 19:14:34.423000+00:00,1,,,1907,13,"[{""strategy"":1,""time"":0.485},{""strategy"":2,""time"":12.509}]",2,47,400,1,3,u5a83rs1,,,,,,0
14,kv9veiwp,LAB7,0,46,45,payoff,GameOutcome,10.145.91.102,2019-01-24 19:14:37.755345+00:00,1,,,1606,14,"[{""strategy"":1,""time"":0.664},{""strategy"":2,""time"":10.007}]",2,11,0,1,3,u5a83rs1,,,,,,0
15,40uoe7hc,LAB16,0,46,45,payoff,GameOutcome,10.47.229.186,2019-01-24 19:14:35.226242+00:00,1,,,1207,15,"[{""strategy"":2,""time"":16.869}]",0,10,0,1,3,u5a83rs1,,,,,,0
16,a7q3hufe,LAB17,0,46,45,payoff,GameOutcome,10.45.226.108,2019-01-24 19:14:38.945970+00:00,1,,,1306,16,"[{""strategy"":2,""time"":6.057}]",2,45,0,1,3,u5a83rs1,,,,,,0
17,fo0lbree,LAB18,0,46,45,payoff,GameOutcome,10.35.211.221,2019-01-24 19:14:39.482803+00:00,1,,,2806,17,"[{""strategy"":2,""time"":1.787}]",2,20,0,1,3,u5a83rs1,,,,,,0
18,veies0ax,LAB20,0,46,45,payoff,GameOutcome,10.29.86.227,2019-01-24 19:14:40.501945+00:00,1,,,1807,18,"[{""strategy"":1,""time"":1.825},{""strategy"":2,""time"":3.818}]",2,33,0,1,3,u5a83rs1,,,,,,0
19,6twian0l,LAB19,0,46,45,payoff,GameOutcome,10.123.135.185,2019-01-24 19:14:42.211719+00:00,1,,,606,19,"[{""strategy"":1,""time"":10.605},{""strategy"":2,""time"":52.395}]",2,54,400,1,3,u5a83rs1,,,,,,0
20,ezvwttsg,LAB21,0,46,45,payoff,GameOutcome,10.63.159.3,2019-01-24 19:14:45.073425+00:00,1,,,2006,20,"[{""strategy"":1,""time"":0.639},{""strategy"":2,""time"":2.433},{""strategy"":1,""time"":59.373}]",2,40,0,1,3,u5a83rs1,,,,,,0
21,wfotk6bs,LAB22,0,46,45,payoff,GameOutcome,10.65.212.112,2019-01-24 19:14:55.919089+00:00,1,,,2507,21,"[{""strategy"":1,""time"":0.708},{""strategy"":2,""time"":7.269}]",1,2,300,1,3,u5a83rs1,,,,,,0
1,i2k63arc,LAB3,0,46,45,payoff,GameOutcome,10.45.83.39,2019-01-24 19:14:24.645787+00:00,1,,,1307,1,"[{""strategy"":1,""time"":5.888},{""strategy"":2,""time"":9.145},{""strategy"":1,""time"":12.776},{""strategy"":2,""time"":16.528},{""strategy"":1,""time"":20.256},{""strategy"":2,""time"":24.728},{""strategy"":1,""time"":28.76},{""strategy"":2,""time"":32.673},{""strategy"":1,""time"":36.977},{""strategy"":2,""time"":40.784},{""strategy"":1,""time"":45.225},{""strategy"":2,""time"":49.513},{""strategy"":1,""time"":55.008},{""strategy"":2,""time"":61.377}]",1,22,0,1,4,u5a83rs1,,,,,,0
2,e7vef4ct,LAB2,0,46,45,payoff,GameOutcome,10.7.217.98,2019-01-24 19:14:25.952334+00:00,1,,,2206,2,"[{""strategy"":1,""time"":0.427},{""strategy"":2,""time"":5.937},{""strategy"":1,""time"":11.233},{""strategy"":2,""time"":14.387},{""strategy"":1,""time"":16.049},{""strategy"":2,""time"":16.841},{""strategy"":1,""time"":17.69},{""strategy"":2,""time"":18.457},{""strategy"":1,""time"":19.233},{""strategy"":2,""time"":20.449},{""strategy"":1,""time"":21.633},{""strategy"":2,""time"":22.905},{""strategy"":1,""time"":23.945},{""strategy"":2,""time"":24.817},{""strategy"":1,""time"":25.953},{""strategy"":2,""time"":27.082},{""strategy"":1,""time"":28.225},{""strategy"":2,""time"":29.161},{""strategy"":1,""time"":30.208},{""strategy"":2,""time"":31.073},{""strategy"":1,""time"":32.008},{""strategy"":2,""time"":32.961},{""strategy"":1,""time"":33.929},{""strategy"":2,""time"":35.185},{""strategy"":1,""time"":36.145},{""strategy"":2,""time"":37.048},{""strategy"":1,""time"":37.92},{""strategy"":2,""time"":38.696},{""strategy"":1,""time"":39.929},{""strategy"":2,""time"":41.024},{""strategy"":1,""time"":42.121},{""strategy"":2,""time"":43.233},{""strategy"":1,""time"":44.552},{""strategy"":2,""time"":45.488},{""strategy"":1,""time"":46.656},{""strategy"":2,""time"":47.576},{""strategy"":1,""time"":48.656},{""strategy"":2,""time"":49.68},{""strategy"":1,""time"":50.665},{""strategy"":2,""time"":51.635},{""strategy"":1,""time"":52.817},{""strategy"":2,""time"":54.128},{""strategy"":1,""time"":55.249},{""strategy"":2,""time"":56.483},{""strategy"":1,""time"":57.33},{""strategy"":2,""time"":58.4},{""strategy"":1,""time"":59.383},{""strategy"":2,""time"":60.504},{""strategy"":1,""time"":61.56},{""strategy"":2,""time"":62.528},{""strategy"":1,""time"":63.591},{""strategy"":2,""time"":64.561},{""strategy"":1,""time"":65.178}]",2,7,0,1,4,u5a83rs1,,,,,,0
3,arsuawn4,LAB1,0,46,45,payoff,GameOutcome,10.45.226.108,2019-01-24 19:14:33.522271+00:00,1,,,907,3,"[{""strategy"":2,""time"":1.973},{""strategy"":1,""time"":24.429},{""strategy"":2,""time"":33.5},{""strategy"":1,""time"":44.309}]",2,20,100,1,4,u5a83rs1,,,,,,0
4,dzvoom61,LAB10,0,46,45,payoff,GameOutcome,10.45.226.108,2019-01-24 19:14:28.455808+00:00,1,,,2007,4,"[{""strategy"":2,""time"":6.055}]",2,12,0,1,4,u5a83rs1,,,,,,0
5,o7opjixh,LAB4,0,46,45,payoff,GameOutcome,10.30.85.49,2019-01-24 19:14:32.543879+00:00,1,,,1307,5,"[{""strategy"":2,""time"":4.686}]",2,22,0,1,4,u5a83rs1,,,,,,0
6,3tzs1326,LAB5,0,46,45,payoff,GameOutcome,10.47.177.9,2019-01-24 19:14:33.744233+00:00,1,,,2107,6,"[{""strategy"":1,""time"":0.281},{""strategy"":2,""time"":5.899},{""strategy"":1,""time"":12.459},{""strategy"":2,""time"":19.478},{""strategy"":1,""time"":28.203},{""strategy"":2,""time"":37.578}]",2,42,0,1,4,u5a83rs1,,,,,,0
7,yucx76nj,LAB8,0,46,45,payoff,GameOutcome,10.51.203.60,2019-01-24 19:14:29.560214+00:00,1,,,1806,7,"[{""strategy"":1,""time"":0.282},{""strategy"":2,""time"":11.404},{""strategy"":1,""time"":45.816}]",2,16,100,1,4,u5a83rs1,,,,,,0
8,a9caswms,LAB6,0,46,45,payoff,GameOutcome,10.145.91.102,2019-01-24 19:14:33.749936+00:00,1,,,1906,8,"[{""strategy"":1,""time"":3.076},{""strategy"":2,""time"":31.374}]",2,34,0,1,4,u5a83rs1,,,,,,0
9,towf6ijh,LAB12,0,46,45,payoff,GameOutcome,10.147.13.174,2019-01-24 19:14:34.314022+00:00,1,,,1607,9,"[{""strategy"":1,""time"":1.309}]",1,26,0,1,4,u5a83rs1,,,,,,0
10,v75dqmax,LAB13,0,46,45,payoff,GameOutcome,10.51.250.60,2019-01-24 19:14:32.576392+00:00,1,,,2007,10,"[{""strategy"":1,""time"":0.976}]",1,55,400,1,4,u5a83rs1,,,,,,0
11,j7yvqfnk,LAB9,0,46,45,payoff,GameOutcome,10.33.189.124,2019-01-24 19:14:36.352740+00:00,1,,,2200,11,"[{""strategy"":1,""time"":1.105},{""strategy"":2,""time"":14.4},{""strategy"":1,""time"":18.456},{""strategy"":2,""time"":18.944},{""strategy"":1,""time"":21.18},{""strategy"":2,""time"":24.576},{""strategy"":1,""time"":29.225},{""strategy"":2,""time"":32.145},{""strategy"":1,""time"":34.967},{""strategy"":2,""time"":39.08},{""strategy"":1,""time"":41.233},{""strategy"":2,""time"":44.21},{""strategy"":1,""time"":48.354},{""strategy"":2,""time"":52.959},{""strategy"":1,""time"":56.112},{""strategy"":2,""time"":59.855},{""strategy"":1,""time"":63.263}]",2,25,0,1,4,u5a83rs1,,,,,,0
12,h3nu4vm6,LAB14,0,46,45,payoff,GameOutcome,10.16.198.175,2019-01-24 19:14:35.894569+00:00,1,,,1800,12,"[{""strategy"":1,""time"":0.339},{""strategy"":2,""time"":36.821}]",0,0,0,1,4,u5a83rs1,,,,,,0
13,960qiq0v,LAB15,0,46,45,payoff,GameOutcome,10.149.119.251,2019-01-24 19:14:34.423000+00:00,1,,,1907,13,"[{""strategy"":1,""time"":0.538}]",1,46,400,1,4,u5a83rs1,,,,,,0
14,kv9veiwp,LAB7,0,46,45,payoff,GameOutcome,10.145.91.102,2019-01-24 19:14:37.755345+00:00,1,,,1606,14,"[{""strategy"":1,""time"":0.34}]",1,14,0,1,4,u5a83rs1,,,,,,0
15,40uoe7hc,LAB16,0,46,45,payoff,GameOutcome,10.47.229.186,2019-01-24 19:14:35.226242+00:00,1,,,1207,15,"[{""strategy"":1,""time"":37.485}]",0,20,0,1,4,u5a83rs1,,,,,,0
16,a7q3hufe,LAB17,0,46,45,payoff,GameOutcome,10.45.226.108,2019-01-24 19:14:38.945970+00:00,1,,,1306,16,"[{""strategy"":2,""time"":8.602},{""strategy"":1,""time"":23.824}]",2,21,0,1,4,u5a83rs1,,,,,,0
17,fo0lbree,LAB18,0,46,45,payoff,GameOutcome,10.35.211.221,2019-01-24 19:14:39.482803+00:00,1,,,2806,17,"[{""strategy"":1,""time"":1.383}]",1,54,0,1,4,u5a83rs1,,,,,,0
18,veies0ax,LAB20,0,46,45,payoff,GameOutcome,10.29.86.227,2019-01-24 19:14:40.501945+00:00,1,,,1807,18,"[{""strategy"":1,""time"":2.63},{""strategy"":2,""time"":17.326}]",2,46,0,1,4,u5a83rs1,,,,,,0
19,6twian0l,LAB19,0,46,45,payoff,GameOutcome,10.123.135.185,2019-01-24 19:14:42.211719+00:00,1,,,606,19,"[{""strategy"":1,""time"":12.836},{""strategy"":2,""time"":51.031}]",0,11,0,1,4,u5a83rs1,,,,,,0
20,ezvwttsg,LAB21,0,46,45,payoff,GameOutcome,10.63.159.3,2019-01-24 19:14:45.073425+00:00,1,,,2006,20,"[{""strategy"":1,""time"":0.792},{""strategy"":2,""time"":14.923},{""strategy"":1,""time"":34.83},{""strategy"":2,""time"":50.654}]",1,1,0,1,4,u5a83rs1,,,,,,0
21,wfotk6bs,LAB22,0,46,45,payoff,GameOutcome,10.65.212.112,2019-01-24 19:14:55.919089+00:00,1,,,2507,21,"[{""strategy"":1,""time"":1.084},{""strategy"":2,""time"":12.69},{""strategy"":1,""time"":13.787}]",1,35,0,1,4,u5a83rs1,,,,,,0
1,i2k63arc,LAB3,0,46,45,payoff,GameOutcome,10.45.83.39,2019-01-24 19:14:24.645787+00:00,1,,,1307,1,"[{""strategy"":1,""time"":0.636},{""strategy"":2,""time"":5.141},{""strategy"":1,""time"":10.668},{""strategy"":2,""time"":16.469},{""strategy"":1,""time"":22.532},{""strategy"":2,""time"":29.004},{""strategy"":1,""time"":36.253},{""strategy"":2,""time"":43.293},{""strategy"":1,""time"":49.532},{""strategy"":2,""time"":56.293},{""strategy"":1,""time"":64.54}]",1,50,0,1,5,u5a83rs1,,,,,,0
2,e7vef4ct,LAB2,0,46,45,payoff,GameOutcome,10.7.217.98,2019-01-24 19:14:25.952334+00:00,1,,,2206,2,"[{""strategy"":1,""time"":0.507},{""strategy"":2,""time"":1.57},{""strategy"":1,""time"":5.577},{""strategy"":2,""time"":35.658},{""strategy"":1,""time"":63.631}]",2,38,100,1,5,u5a83rs1,,,,,,0
3,arsuawn4,LAB1,0,46,45,payoff,GameOutcome,10.45.226.108,2019-01-24 19:14:33.522271+00:00,1,,,907,3,"[{""strategy"":1,""time"":0.824},{""strategy"":2,""time"":3.019},{""strategy"":1,""time"":7.564},{""strategy"":2,""time"":12.835},{""strategy"":1,""time"":21.061},{""strategy"":2,""time"":26.269},{""strategy"":1,""time"":31.364},{""strategy"":2,""time"":36.716},{""strategy"":1,""time"":41.968},{""strategy"":2,""time"":48.41},{""strategy"":1,""time"":55.483}]",2,40,0,1,5,u5a83rs1,,,,,,0
4,dzvoom61,LAB10,0,46,45,payoff,GameOutcome,10.45.226.108,2019-01-24 19:14:28.455808+00:00,1,,,2007,4,"[{""strategy"":2,""time"":3.708},{""strategy"":1,""time"":4.548}]",1,34,0,1,5,u5a83rs1,,,,,,0
5,o7opjixh,LAB4,0,46,45,payoff,GameOutcome,10.30.85.49,2019-01-24 19:14:32.543879+00:00,1,,,1307,5,"[{""strategy"":2,""time"":3.171}]",2,9,100,1,5,u5a83rs1,,,,,,0
6,3tzs1326,LAB5,0,46,45,payoff,GameOutcome,10.47.177.9,2019-01-24 19:14:33.744233+00:00,1,,,2107,6,"[{""strategy"":1,""time"":0.543},{""strategy"":2,""time"":6.04},{""strategy"":1,""time"":26.013}]",1,37,0,1,5,u5a83rs1,,,,,,0
7,yucx76nj,LAB8,0,46,45,payoff,GameOutcome,10.51.203.60,2019-01-24 19:14:29.560214+00:00,1,,,1806,7,"[{""strategy"":1,""time"":0.572},{""strategy"":2,""time"":7.994}]",2,36,0,1,5,u5a83rs1,,,,,,0
8,a9caswms,LAB6,0,46,45,payoff,GameOutcome,10.145.91.102,2019-01-24 19:14:33.749936+00:00,1,,,1906,8,"[{""strategy"":1,""time"":4.198},{""strategy"":2,""time"":20.053},{""strategy"":1,""time"":30.693}]",1,37,0,1,5,u5a83rs1,,,,,,0
9,towf6ijh,LAB12,0,46,45,payoff,GameOutcome,10.147.13.174,2019-01-24 19:14:34.314022+00:00,1,,,1607,9,"[{""strategy"":1,""time"":0.716},{""strategy"":2,""time"":3.366}]",2,36,0,1,5,u5a83rs1,,,,,,0
10,v75dqmax,LAB13,0,46,45,payoff,GameOutcome,10.51.250.60,2019-01-24 19:14:32.576392+00:00,1,,,2007,10,"[{""strategy"":2,""time"":0.725},{""strategy"":1,""time"":16.413}]",1,26,0,1,5,u5a83rs1,,,,,,0
11,j7yvqfnk,LAB9,0,46,45,payoff,GameOutcome,10.33.189.124,2019-01-24 19:14:36.352740+00:00,1,,,2200,11,"[{""strategy"":1,""time"":0.566},{""strategy"":2,""time"":42.236}]",2,43,0,1,5,u5a83rs1,,,,,,0
12,h3nu4vm6,LAB14,0,46,45,payoff,GameOutcome,10.16.198.175,2019-01-24 19:14:35.894569+00:00,1,,,1800,12,"[{""strategy"":1,""time"":0.247},{""strategy"":2,""time"":24.981},{""strategy"":1,""time"":52.948}]",1,11,0,1,5,u5a83rs1,,,,,,0
13,960qiq0v,LAB15,0,46,45,payoff,GameOutcome,10.149.119.251,2019-01-24 19:14:34.423000+00:00,1,,,1907,13,"[{""strategy"":1,""time"":1548358213.963}]",0,57,0,1,5,u5a83rs1,,,,,,0
14,kv9veiwp,LAB7,0,46,45,payoff,GameOutcome,10.145.91.102,2019-01-24 19:14:37.755345+00:00,1,,,1606,14,"[{""strategy"":1,""time"":0.441}]",1,14,0,1,5,u5a83rs1,,,,,,0
15,40uoe7hc,LAB16,0,46,45,payoff,GameOutcome,10.47.229.186,2019-01-24 19:14:35.226242+00:00,1,,,1207,15,"[{""strategy"":1,""time"":1.824}]",1,17,0,1,5,u5a83rs1,,,,,,0
16,a7q3hufe,LAB17,0,46,45,payoff,GameOutcome,10.45.226.108,2019-01-24 19:14:38.945970+00:00,1,,,1306,16,"[{""strategy"":2,""time"":3.612}]",2,23,0,1,5,u5a83rs1,,,,,,0
17,fo0lbree,LAB18,0,46,45,payoff,GameOutcome,10.35.211.221,2019-01-24 19:14:39.482803+00:00,1,,,2806,17,"[{""strategy"":1,""time"":1.123}]",1,32,0,1,5,u5a83rs1,,,,,,0
18,veies0ax,LAB20,0,46,45,payoff,GameOutcome,10.29.86.227,2019-01-24 19:14:40.501945+00:00,1,,,1807,18,"[{""strategy"":1,""time"":3.351},{""strategy"":2,""time"":23.585}]",1,19,0,1,5,u5a83rs1,,,,,,0
19,6twian0l,LAB19,0,46,45,payoff,GameOutcome,10.123.135.185,2019-01-24 19:14:42.211719+00:00,1,,,606,19,"[{""strategy"":1,""time"":2.839},{""strategy"":2,""time"":9.14},{""strategy"":1,""time"":16.903}]",1,29,0,1,5,u5a83rs1,,,,,,0
20,ezvwttsg,LAB21,0,46,45,payoff,GameOutcome,10.63.159.3,2019-01-24 19:14:45.073425+00:00,1,,,2006,20,"[{""strategy"":1,""time"":0.304},{""strategy"":2,""time"":5.996},{""strategy"":1,""time"":26.668},{""strategy"":2,""time"":42.746},{""strategy"":1,""time"":57.793}]",2,14,100,1,5,u5a83rs1,,,,,,0
21,wfotk6bs,LAB22,0,46,45,payoff,GameOutcome,10.65.212.112,2019-01-24 19:14:55.919089+00:00,1,,,2507,21,"[{""strategy"":1,""time"":0.295},{""strategy"":2,""time"":4.238},{""strategy"":1,""time"":6.975}]",1,41,0,1,5,u5a83rs1,,,,,,0
1,i2k63arc,LAB3,0,46,45,payoff,GameOutcome,10.45.83.39,2019-01-24 19:14:24.645787+00:00,1,,,1307,1,"[{""strategy"":2,""time"":10.178}]",0,6,0,1,6,u5a83rs1,,,,,,0
2,e7vef4ct,LAB2,0,46,45,payoff,GameOutcome,10.7.217.98,2019-01-24 19:14:25.952334+00:00,1,,,2206,2,"[{""strategy"":1,""time"":0.372}]",1,22,300,1,6,u5a83rs1,,,,,,0
3,arsuawn4,LAB1,0,46,45,payoff,GameOutcome,10.45.226.108,2019-01-24 19:14:33.522271+00:00,1,,,907,3,"[{""strategy"":1,""time"":1.12},{""strategy"":2,""time"":5.463},{""strategy"":1,""time"":10.711},{""strategy"":2,""time"":16.35},{""strategy"":1,""time"":21.735},{""strategy"":2,""time"":29.192},{""strategy"":1,""time"":37.604},{""strategy"":2,""time"":50.347}]",1,12,0,1,6,u5a83rs1,,,,,,0
4,dzvoom61,LAB10,0,46,45,payoff,GameOutcome,10.45.226.108,2019-01-24 19:14:28.455808+00:00,1,,,2007,4,"[{""strategy"":1,""time"":1.354}]",1,37,0,1,6,u5a83rs1,,,,,,0
5,o7opjixh,LAB4,0,46,45,payoff,GameOutcome,10.30.85.49,2019-01-24 19:14:32.543879+00:00,1,,,1307,5,"[{""strategy"":2,""time"":3.543},{""strategy"":1,""time"":6.6}]",1,30,0,1,6,u5a83rs1,,,,,,0
6,3tzs1326,LAB5,0,46,45,payoff,GameOutcome,10.47.177.9,2019-01-24 19:14:33.744233+00:00,1,,,2107,6,"[{""strategy"":1,""time"":0.7},{""strategy"":2,""time"":3.214},{""strategy"":1,""time"":9.632}]",1,56,0,1,6,u5a83rs1,,,,,,0
7,yucx76nj,LAB8,0,46,45,payoff,GameOutcome,10.51.203.60,2019-01-24 19:14:29.560214+00:00,1,,,1806,7,"[{""strategy"":1,""time"":0.332},{""strategy"":2,""time"":6.286},{""strategy"":1,""time"":13.388},{""strategy"":2,""time"":19.235},{""strategy"":1,""time"":23.44}]",1,57,300,1,6,u5a83rs1,,,,,,0
8,a9caswms,LAB6,0,46,45,payoff,GameOutcome,10.145.91.102,2019-01-24 19:14:33.749936+00:00,1,,,1906,8,"[{""strategy"":2,""time"":3.38}]",2,44,0,1,6,u5a83rs1,,,,,,0
9,towf6ijh,LAB12,0,46,45,payoff,GameOutcome,10.147.13.174,2019-01-24 19:14:34.314022+00:00,1,,,1607,9,"[{""strategy"":1,""time"":0.757},{""strategy"":2,""time"":3.097}]",2,41,200,1,6,u5a83rs1,,,,,,0
10,v75dqmax,LAB13,0,46,45,payoff,GameOutcome,10.51.250.60,2019-01-24 19:14:32.576392+00:00,1,,,2007,10,"[{""strategy"":1,""time"":0.669},{""strategy"":2,""time"":11.083},{""strategy"":1,""time"":30.939}]",1,51,0,1,6,u5a83rs1,,,,,,0
11,j7yvqfnk,LAB9,0,46,45,payoff,GameOutcome,10.33.189.124,2019-01-24 19:14:36.352740+00:00,1,,,2200,11,"[{""strategy"":1,""time"":0.522},{""strategy"":2,""time"":6.157},{""strategy"":1,""time"":15.749},{""strategy"":2,""time"":21.583}]",2,14,0,1,6,u5a83rs1,,,,,,0
12,h3nu4vm6,LAB14,0,46,45,payoff,GameOutcome,10.16.198.175,2019-01-24 19:14:35.894569+00:00,1,,,1800,12,"[{""strategy"":1,""time"":0.312},{""strategy"":2,""time"":33.338}]",1,33,300,1,6,u5a83rs1,,,,,,0
13,960qiq0v,LAB15,0,46,45,payoff,GameOutcome,10.149.119.251,2019-01-24 19:14:34.423000+00:00,1,,,1907,13,"[{""strategy"":1,""time"":0.488}]",1,51,0,1,6,u5a83rs1,,,,,,0
14,kv9veiwp,LAB7,0,46,45,payoff,GameOutcome,10.145.91.102,2019-01-24 19:14:37.755345+00:00,1,,,1606,14,"[{""strategy"":1,""time"":0.34}]",0,0,0,1,6,u5a83rs1,,,,,,0
15,40uoe7hc,LAB16,0,46,45,payoff,GameOutcome,10.47.229.186,2019-01-24 19:14:35.226242+00:00,1,,,1207,15,"[{""strategy"":1,""time"":2.326}]",1,52,0,1,6,u5a83rs1,,,,,,0
16,a7q3hufe,LAB17,0,46,45,payoff,GameOutcome,10.45.226.108,2019-01-24 19:14:38.945970+00:00,1,,,1306,16,"[{""strategy"":1,""time"":2.902}]",1,56,300,1,6,u5a83rs1,,,,,,0
17,fo0lbree,LAB18,0,46,45,payoff,GameOutcome,10.35.211.221,2019-01-24 19:14:39.482803+00:00,1,,,2806,17,"[{""strategy"":1,""time"":1.359}]",1,51,0,1,6,u5a83rs1,,,,,,0
18,veies0ax,LAB20,0,46,45,payoff,GameOutcome,10.29.86.227,2019-01-24 19:14:40.501945+00:00,1,,,1807,18,"[{""strategy"":1,""time"":0.807}]",1,6,0,1,6,u5a83rs1,,,,,,0
19,6twian0l,LAB19,0,46,45,payoff,GameOutcome,10.123.135.185,2019-01-24 19:14:42.211719+00:00,1,,,606,19,"[{""strategy"":1,""time"":5.582}]",0,1,0,1,6,u5a83rs1,,,,,,0
20,ezvwttsg,LAB21,0,46,45,payoff,GameOutcome,10.63.159.3,2019-01-24 19:14:45.073425+00:00,1,,,2006,20,"[{""strategy"":1,""time"":0.558},{""strategy"":2,""time"":5.233},{""strategy"":1,""time"":10.462}]",1,2,0,1,6,u5a83rs1,,,,,,0
21,wfotk6bs,LAB22,0,46,45,payoff,GameOutcome,10.65.212.112,2019-01-24 19:14:55.919089+00:00,1,,,2507,21,"[{""strategy"":1,""time"":0.713}]",1,29,0,1,6,u5a83rs1,,,,,,0
1,i2k63arc,LAB3,0,46,45,payoff,GameOutcome,10.45.83.39,2019-01-24 19:14:24.645787+00:00,1,,,1307,1,"[{""strategy"":1,""time"":8.294}]",1,52,0,1,7,u5a83rs1,,,,,,0
2,e7vef4ct,LAB2,0,46,45,payoff,GameOutcome,10.7.217.98,2019-01-24 19:14:25.952334+00:00,1,,,2206,2,"[{""strategy"":1,""time"":0.96},{""strategy"":2,""time"":4.878},{""strategy"":1,""time"":6.503},{""strategy"":2,""time"":8.862},{""strategy"":1,""time"":9.838},{""strategy"":2,""time"":10.663},{""strategy"":1,""time"":11.407},{""strategy"":2,""time"":12.078},{""strategy"":1,""time"":12.734},{""strategy"":2,""time"":13.31},{""strategy"":1,""time"":13.825},{""strategy"":2,""time"":14.311},{""strategy"":1,""time"":14.693},{""strategy"":2,""time"":15.102},{""strategy"":1,""time"":15.455},{""strategy"":2,""time"":16.438},{""strategy"":1,""time"":16.998},{""strategy"":2,""time"":18.078},{""strategy"":1,""time"":18.734},{""strategy"":2,""time"":19.35},{""strategy"":1,""time"":19.742},{""strategy"":2,""time"":20.046},{""strategy"":1,""time"":20.336},{""strategy"":2,""time"":20.606},{""strategy"":1,""time"":20.863},{""strategy"":2,""time"":21.11},{""strategy"":1,""time"":21.351},{""strategy"":2,""time"":21.616},{""strategy"":1,""time"":21.895},{""strategy"":2,""time"":23.578},{""strategy"":1,""time"":24.11},{""strategy"":2,""time"":24.83},{""strategy"":1,""time"":25.31},{""strategy"":2,""time"":26.605},{""strategy"":1,""time"":26.982},{""strategy"":2,""time"":27.654},{""strategy"":1,""time"":28.194},{""strategy"":2,""time"":29.254},{""strategy"":1,""time"":29.813},{""strategy"":2,""time"":31.301},{""strategy"":1,""time"":32.241},{""strategy"":2,""time"":33.006},{""strategy"":1,""time"":33.774},{""strategy"":2,""time"":43.501},{""strategy"":1,""time"":43.949},{""strategy"":2,""time"":44.414},{""strategy"":1,""time"":44.829},{""strategy"":2,""time"":45.221},{""strategy"":1,""time"":45.629},{""strategy"":2,""time"":45.981},{""strategy"":1,""time"":46.349},{""strategy"":2,""time"":46.709},{""strategy"":1,""time"":47.125},{""strategy"":2,""time"":47.541},{""strategy"":1,""time"":47.997}]",1,31,0,1,7,u5a83rs1,,,,,,0
3,arsuawn4,LAB1,0,46,45,payoff,GameOutcome,10.45.226.108,2019-01-24 19:14:33.522271+00:00,1,,,907,3,"[{""strategy"":1,""time"":0.872},{""strategy"":2,""time"":3.055},{""strategy"":1,""time"":6.05},{""strategy"":2,""time"":10.271},{""strategy"":1,""time"":14.887},{""strategy"":2,""time"":19.393},{""strategy"":1,""time"":24.376},{""strategy"":2,""time"":29.296},{""strategy"":1,""time"":34.431},{""strategy"":2,""time"":39.545},{""strategy"":1,""time"":44.991},{""strategy"":2,""time"":50.129},{""strategy"":1,""time"":56.705}]",1,7,0,1,7,u5a83rs1,,,,,,0
4,dzvoom61,LAB10,0,46,45,payoff,GameOutcome,10.45.226.108,2019-01-24 19:14:28.455808+00:00,1,,,2007,4,"[{""strategy"":1,""time"":1.809}]",1,34,0,1,7,u5a83rs1,,,,,,0
5,o7opjixh,LAB4,0,46,45,payoff,GameOutcome,10.30.85.49,2019-01-24 19:14:32.543879+00:00,1,,,1307,5,"[{""strategy"":1,""time"":2.442}]",1,43,500,1,7,u5a83rs1,,,,,,0
6,3tzs1326,LAB5,0,46,45,payoff,GameOutcome,10.47.177.9,2019-01-24 19:14:33.744233+00:00,1,,,2107,6,"[{""strategy"":1,""time"":0.561},{""strategy"":2,""time"":11.762}]",2,19,0,1,7,u5a83rs1,,,,,,0
7,yucx76nj,LAB8,0,46,45,payoff,GameOutcome,10.51.203.60,2019-01-24 19:14:29.560214+00:00,1,,,1806,7,"[{""strategy"":1,""time"":1.532}]",1,17,0,1,7,u5a83rs1,,,,,,0
8,a9caswms,LAB6,0,46,45,payoff,GameOutcome,10.145.91.102,2019-01-24 19:14:33.749936+00:00,1,,,1906,8,"[{""strategy"":1,""time"":2.824},{""strategy"":2,""time"":18.847},{""strategy"":1,""time"":40.53}]",2,39,400,1,7,u5a83rs1,,,,,,0
9,towf6ijh,LAB12,0,46,45,payoff,GameOutcome,10.147.13.174,2019-01-24 19:14:34.314022+00:00,1,,,1607,9,"[{""strategy"":2,""time"":0.591},{""strategy"":1,""time"":3.167}]",1,9,0,1,7,u5a83rs1,,,,,,0
10,v75dqmax,LAB13,0,46,45,payoff,GameOutcome,10.51.250.60,2019-01-24 19:14:32.576392+00:00,1,,,2007,10,"[{""strategy"":1,""time"":1.697}]",1,13,0,1,7,u5a83rs1,,,,,,0
11,j7yvqfnk,LAB9,0,46,45,payoff,GameOutcome,10.33.189.124,2019-01-24 19:14:36.352740+00:00,1,,,2200,11,"[{""strategy"":1,""time"":0.819}]",1,29,0,1,7,u5a83rs1,,,,,,0
12,h3nu4vm6,LAB14,0,46,45,payoff,GameOutcome,10.16.198.175,2019-01-24 19:14:35.894569+00:00,1,,,1800,12,"[{""strategy"":1,""time"":0.556}]",1,46,0,1,7,u5a83rs1,,,,,,0
13,960qiq0v,LAB15,0,46,45,payoff,GameOutcome,10.149.119.251,2019-01-24 19:14:34.423000+00:00,1,,,1907,13,"[{""strategy"":1,""time"":0.714},{""strategy"":2,""time"":10.592}]",2,32,0,1,7,u5a83rs1,,,,,,0
14,kv9veiwp,LAB7,0,46,45,payoff,GameOutcome,10.145.91.102,2019-01-24 19:14:37.755345+00:00,1,,,1606,14,"[{""strategy"":1,""time"":0.597},{""strategy"":2,""time"":15.607}]",2,23,0,1,7,u5a83rs1,,,,,,0
15,40uoe7hc,LAB16,0,46,45,payoff,GameOutcome,10.47.229.186,2019-01-24 19:14:35.226242+00:00,1,,,1207,15,"[{""strategy"":1,""time"":0.484}]",1,27,0,1,7,u5a83rs1,,,,,,0
16,a7q3hufe,LAB17,0,46,45,payoff,GameOutcome,10.45.226.108,2019-01-24 19:14:38.945970+00:00,1,,,1306,16,"[{""strategy"":2,""time"":4.977}]",2,23,0,1,7,u5a83rs1,,,,,,0
17,fo0lbree,LAB18,0,46,45,payoff,GameOutcome,10.35.211.221,2019-01-24 19:14:39.482803+00:00,1,,,2806,17,"[{""strategy"":2,""time"":2.311}]",2,34,0,1,7,u5a83rs1,,,,,,0
18,veies0ax,LAB20,0,46,45,payoff,GameOutcome,10.29.86.227,2019-01-24 19:14:40.501945+00:00,1,,,1807,18,"[{""strategy"":1,""time"":1.126}]",1,14,0,1,7,u5a83rs1,,,,,,0
19,6twian0l,LAB19,0,46,45,payoff,GameOutcome,10.123.135.185,2019-01-24 19:14:42.211719+00:00,1,,,606,19,"[{""strategy"":2,""time"":4.866},{""strategy"":1,""time"":12.946},{""strategy"":2,""time"":33.449}]",1,13,0,1,7,u5a83rs1,,,,,,0
20,ezvwttsg,LAB21,0,46,45,payoff,GameOutcome,10.63.159.3,2019-01-24 19:14:45.073425+00:00,1,,,2006,20,"[{""strategy"":1,""time"":0.468},{""strategy"":2,""time"":24.73},{""strategy"":1,""time"":43.969}]",1,44,500,1,7,u5a83rs1,,,,,,0
21,wfotk6bs,LAB22,0,46,45,payoff,GameOutcome,10.65.212.112,2019-01-24 19:14:55.919089+00:00,1,,,2507,21,"[{""strategy"":1,""time"":0.236},{""strategy"":2,""time"":4.467},{""strategy"":1,""time"":17.699},{""strategy"":2,""time"":48.172},{""strategy"":1,""time"":62.091}]",2,56,0,1,7,u5a83rs1,,,,,,0
1,i2k63arc,LAB3,0,46,45,payoff,GameOutcome,10.45.83.39,2019-01-24 19:14:24.645787+00:00,1,,,1307,1,"[{""strategy"":1,""time"":11.288},{""strategy"":2,""time"":24.865},{""strategy"":1,""time"":36.024},{""strategy"":2,""time"":48.177},{""strategy"":1,""time"":59.656}]",1,14,500,1,8,u5a83rs1,,,,,,0
2,e7vef4ct,LAB2,0,46,45,payoff,GameOutcome,10.7.217.98,2019-01-24 19:14:25.952334+00:00,1,,,2206,2,"[{""strategy"":1,""time"":0.407}]",1,26,0,1,8,u5a83rs1,,,,,,0
3,arsuawn4,LAB1,0,46,45,payoff,GameOutcome,10.45.226.108,2019-01-24 19:14:33.522271+00:00,1,,,907,3,"[{""strategy"":1,""time"":0.944},{""strategy"":2,""time"":1.508},{""strategy"":1,""time"":3.029},{""strategy"":2,""time"":3.579},{""strategy"":1,""time"":5.421},{""strategy"":2,""time"":5.876},{""strategy"":1,""time"":8.882},{""strategy"":2,""time"":16.993},{""strategy"":1,""time"":31.628},{""strategy"":2,""time"":48.269}]",2,21,0,1,8,u5a83rs1,,,,,,0
4,dzvoom61,LAB10,0,46,45,payoff,GameOutcome,10.45.226.108,2019-01-24 19:14:28.455808+00:00,1,,,2007,4,"[{""strategy"":1,""time"":1.198}]",1,4,500,1,8,u5a83rs1,,,,,,0
5,o7opjixh,LAB4,0,46,45,payoff,GameOutcome,10.30.85.49,2019-01-24 19:14:32.543879+00:00,1,,,1307,5,"[{""strategy"":1,""time"":1.673}]",1,50,0,1,8,u5a83rs1,,,,,,0
6,3tzs1326,LAB5,0,46,45,payoff,GameOutcome,10.47.177.9,2019-01-24 19:14:33.744233+00:00,1,,,2107,6,"[{""strategy"":1,""time"":0.337},{""strategy"":2,""time"":2.18},{""strategy"":1,""time"":9.515},{""strategy"":2,""time"":16.747},{""strategy"":1,""time"":26.254},{""strategy"":2,""time"":28.955},{""strategy"":1,""time"":29.762},{""strategy"":2,""time"":46.754},{""strategy"":1,""time"":53.808}]",2,23,0,1,8,u5a83rs1,,,,,,0
7,yucx76nj,LAB8,0,46,45,payoff,GameOutcome,10.51.203.60,2019-01-24 19:14:29.560214+00:00,1,,,1806,7,"[{""strategy"":1,""time"":0.297},{""strategy"":2,""time"":51.126}]",2,53,0,1,8,u5a83rs1,,,,,,0
8,a9caswms,LAB6,0,46,45,payoff,GameOutcome,10.145.91.102,2019-01-24 19:14:33.749936+00:00,1,,,1906,8,"[{""strategy"":1,""time"":6.023}]",1,11,500,1,8,u5a83rs1,,,,,,0
9,towf6ijh,LAB12,0,46,45,payoff,GameOutcome,10.147.13.174,2019-01-24 19:14:34.314022+00:00,1,,,1607,9,"[{""strategy"":1,""time"":0.726}]",1,16,0,1,8,u5a83rs1,,,,,,0
10,v75dqmax,LAB13,0,46,45,payoff,GameOutcome,10.51.250.60,2019-01-24 19:14:32.576392+00:00,1,,,2007,10,"[{""strategy"":1,""time"":1.001}]",1,5,0,1,8,u5a83rs1,,,,,,0
11,j7yvqfnk,LAB9,0,46,45,payoff,GameOutcome,10.33.189.124,2019-01-24 19:14:36.352740+00:00,1,,,2200,11,"[{""strategy"":1,""time"":0.662}]",1,33,0,1,8,u5a83rs1,,,,,,0
12,h3nu4vm6,LAB14,0,46,45,payoff,GameOutcome,10.16.198.175,2019-01-24 19:14:35.894569+00:00,1,,,1800,12,"[{""strategy"":1,""time"":0.242}]",1,13,0,1,8,u5a83rs1,,,,,,0
13,960qiq0v,LAB15,0,46,45,payoff,GameOutcome,10.149.119.251,2019-01-24 19:14:34.423000+00:00,1,,,1907,13,"[{""strategy"":1,""time"":0.563}]",1,1,0,1,8,u5a83rs1,,,,,,0
14,kv9veiwp,LAB7,0,46,45,payoff,GameOutcome,10.145.91.102,2019-01-24 19:14:37.755345+00:00,1,,,1606,14,"[{""strategy"":1,""time"":0.389},{""strategy"":2,""time"":4.515},{""strategy"":1,""time"":57.899}]",1,59,0,1,8,u5a83rs1,,,,,,0
15,40uoe7hc,LAB16,0,46,45,payoff,GameOutcome,10.47.229.186,2019-01-24 19:14:35.226242+00:00,1,,,1207,15,"[{""strategy"":1,""time"":0.499}]",1,17,0,1,8,u5a83rs1,,,,,,0
16,a7q3hufe,LAB17,0,46,45,payoff,GameOutcome,10.45.226.108,2019-01-24 19:14:38.945970+00:00,1,,,1306,16,"[{""strategy"":2,""time"":10.417},{""strategy"":1,""time"":13.887}]",1,51,0,1,8,u5a83rs1,,,,,,0
17,fo0lbree,LAB18,0,46,45,payoff,GameOutcome,10.35.211.221,2019-01-24 19:14:39.482803+00:00,1,,,2806,17,"[{""strategy"":1,""time"":0.845}]",1,36,0,1,8,u5a83rs1,,,,,,0
18,veies0ax,LAB20,0,46,45,payoff,GameOutcome,10.29.86.227,2019-01-24 19:14:40.501945+00:00,1,,,1807,18,"[{""strategy"":1,""time"":0.86},{""strategy"":2,""time"":33.538}]",1,7,0,1,8,u5a83rs1,,,,,,0
19,6twian0l,LAB19,0,46,45,payoff,GameOutcome,10.123.135.185,2019-01-24 19:14:42.211719+00:00,1,,,606,19,"[{""strategy"":2,""time"":13.704},{""strategy"":1,""time"":36.107}]",2,36,0,1,8,u5a83rs1,,,,,,0
20,ezvwttsg,LAB21,0,46,45,payoff,GameOutcome,10.63.159.3,2019-01-24 19:14:45.073425+00:00,1,,,2006,20,"[{""strategy"":1,""time"":0.344}]",1,23,500,1,8,u5a83rs1,,,,,,0
21,wfotk6bs,LAB22,0,46,45,payoff,GameOutcome,10.65.212.112,2019-01-24 19:14:55.919089+00:00,1,,,2507,21,"[{""strategy"":1,""time"":2.508}]",1,51,0,1,8,u5a83rs1,,,,,,0
1,i2k63arc,LAB3,0,46,45,payoff,GameOutcome,10.45.83.39,2019-01-24 19:14:24.645787+00:00,1,,,1307,1,"[{""strategy"":1,""time"":8.893}]",1,37,800,1,9,u5a83rs1,,,,,,0
2,e7vef4ct,LAB2,0,46,45,payoff,GameOutcome,10.7.217.98,2019-01-24 19:14:25.952334+00:00,1,,,2206,2,"[{""strategy"":1,""time"":0.683},{""strategy"":2,""time"":4.395},{""strategy"":1,""time"":9.611},{""strategy"":2,""time"":19.578}]",2,28,1000,1,9,u5a83rs1,,,,,,0
3,arsuawn4,LAB1,0,46,45,payoff,GameOutcome,10.45.226.108,2019-01-24 19:14:33.522271+00:00,1,,,907,3,"[{""strategy"":1,""time"":1.707},{""strategy"":2,""time"":6.658},{""strategy"":1,""time"":16.368},{""strategy"":2,""time"":32.943},{""strategy"":1,""time"":54.775}]",2,47,0,1,9,u5a83rs1,,,,,,0
4,dzvoom61,LAB10,0,46,45,payoff,GameOutcome,10.45.226.108,2019-01-24 19:14:28.455808+00:00,1,,,2007,4,"[{""strategy"":1,""time"":1.192},{""strategy"":2,""time"":5.745}]",2,12,0,1,9,u5a83rs1,,,,,,0
5,o7opjixh,LAB4,0,46,45,payoff,GameOutcome,10.30.85.49,2019-01-24 19:14:32.543879+00:00,1,,,1307,5,"[{""strategy"":1,""time"":5.721}]",1,7,0,1,9,u5a83rs1,,,,,,0
6,3tzs1326,LAB5,0,46,45,payoff,GameOutcome,10.47.177.9,2019-01-24 19:14:33.744233+00:00,1,,,2107,6,"[{""strategy"":1,""time"":0.498},{""strategy"":2,""time"":14.673}]",2,28,0,1,9,u5a83rs1,,,,,,0
7,yucx76nj,LAB8,0,46,45,payoff,GameOutcome,10.51.203.60,2019-01-24 19:14:29.560214+00:00,1,,,1806,7,"[{""strategy"":1,""time"":0.23},{""strategy"":2,""time"":19.807}]",2,22,0,1,9,u5a83rs1,,,,,,0
8,a9caswms,LAB6,0,46,45,payoff,GameOutcome,10.145.91.102,2019-01-24 19:14:33.749936+00:00,1,,,1906,8,"[{""strategy"":2,""time"":6.38}]",2,26,1000,1,9,u5a83rs1,,,,,,0
9,towf6ijh,LAB12,0,46,45,payoff,GameOutcome,10.147.13.174,2019-01-24 19:14:34.314022+00:00,1,,,1607,9,"[{""strategy"":1,""time"":0.543},{""strategy"":2,""time"":4.675},{""strategy"":1,""time"":21.307},{""strategy"":2,""time"":30.028},{""strategy"":1,""time"":35.906},{""strategy"":2,""time"":40.882}]",1,27,0,1,9,u5a83rs1,,,,,,0
10,v75dqmax,LAB13,0,46,45,payoff,GameOutcome,10.51.250.60,2019-01-24 19:14:32.576392+00:00,1,,,2007,10,"[{""strategy"":1,""time"":1.256},{""strategy"":2,""time"":13.895}]",1,12,0,1,9,u5a83rs1,,,,,,0
11,j7yvqfnk,LAB9,0,46,45,payoff,GameOutcome,10.33.189.124,2019-01-24 19:14:36.352740+00:00,1,,,2200,11,"[{""strategy"":1,""time"":0.229},{""strategy"":2,""time"":20.442},{""strategy"":1,""time"":30.191},{""strategy"":2,""time"":38.891},{""strategy"":1,""time"":48.059},{""strategy"":2,""time"":54.084},{""strategy"":1,""time"":62.444}]",1,17,0,1,9,u5a83rs1,,,,,,0
12,h3nu4vm6,LAB14,0,46,45,payoff,GameOutcome,10.16.198.175,2019-01-24 19:14:35.894569+00:00,1,,,1800,12,"[{""strategy"":1,""time"":0.242}]",1,59,800,1,9,u5a83rs1,,,,,,0
13,960qiq0v,LAB15,0,46,45,payoff,GameOutcome,10.149.119.251,2019-01-24 19:14:34.423000+00:00,1,,,1907,13,"[{""strategy"":1,""time"":0.827},{""strategy"":2,""time"":8.457}]",2,30,1000,1,9,u5a83rs1,,,,,,0
14,kv9veiwp,LAB7,0,46,45,payoff,GameOutcome,10.145.91.102,2019-01-24 19:14:37.755345+00:00,1,,,1606,14,"[{""strategy"":1,""time"":0.807}]",1,30,0,1,9,u5a83rs1,,,,,,0
15,40uoe7hc,LAB16,0,46,45,payoff,GameOutcome,10.47.229.186,2019-01-24 19:14:35.226242+00:00,1,,,1207,15,"[{""strategy"":1,""time"":3.001},{""strategy"":2,""time"":16.047}]",2,49,0,1,9,u5a83rs1,,,,,,0
16,a7q3hufe,LAB17,0,46,45,payoff,GameOutcome,10.45.226.108,2019-01-24 19:14:38.945970+00:00,1,,,1306,16,"[{""strategy"":1,""time"":4.551},{""strategy"":2,""time"":34.502}]",2,38,0,1,9,u5a83rs1,,,,,,0
17,fo0lbree,LAB18,0,46,45,payoff,GameOutcome,10.35.211.221,2019-01-24 19:14:39.482803+00:00,1,,,2806,17,"[{""strategy"":1,""time"":0.937},{""strategy"":2,""time"":12.069}]",1,7,0,1,9,u5a83rs1,,,,,,0
18,veies0ax,LAB20,0,46,45,payoff,GameOutcome,10.29.86.227,2019-01-24 19:14:40.501945+00:00,1,,,1807,18,"[{""strategy"":1,""time"":2.129},{""strategy"":2,""time"":22.977}]",1,6,0,1,9,u5a83rs1,,,,,,0
19,6twian0l,LAB19,0,46,45,payoff,GameOutcome,10.123.135.185,2019-01-24 19:14:42.211719+00:00,1,,,606,19,"[{""strategy"":1,""time"":4.958},{""strategy"":2,""time"":9.982}]",2,49,0,1,9,u5a83rs1,,,,,,0
20,ezvwttsg,LAB21,0,46,45,payoff,GameOutcome,10.63.159.3,2019-01-24 19:14:45.073425+00:00,1,,,2006,20,"[{""strategy"":1,""time"":0.373},{""strategy"":2,""time"":15.725}]",1,3,0,1,9,u5a83rs1,,,,,,0
21,wfotk6bs,LAB22,0,46,45,payoff,GameOutcome,10.65.212.112,2019-01-24 19:14:55.919089+00:00,1,,,2507,21,"[{""strategy"":1,""time"":0.395},{""strategy"":2,""time"":4.195}]",2,10,0,1,9,u5a83rs1,,,,,,0
1,i2k63arc,LAB3,0,46,45,payoff,GameOutcome,10.45.83.39,2019-01-24 19:14:24.645787+00:00,1,,,1307,1,"[{""strategy"":2,""time"":4.682}]",0,4,0,1,10,u5a83rs1,,,,,,0
2,e7vef4ct,LAB2,0,46,45,payoff,GameOutcome,10.7.217.98,2019-01-24 19:14:25.952334+00:00,1,,,2206,2,"[{""strategy"":1,""time"":1.1}]",1,19,0,1,10,u5a83rs1,,,,,,0
3,arsuawn4,LAB1,0,46,45,payoff,GameOutcome,10.45.226.108,2019-01-24 19:14:33.522271+00:00,1,,,907,3,"[{""strategy"":2,""time"":2.324},{""strategy"":1,""time"":25.703}]",1,55,0,1,10,u5a83rs1,,,,,,0
4,dzvoom61,LAB10,0,46,45,payoff,GameOutcome,10.45.226.108,2019-01-24 19:14:28.455808+00:00,1,,,2007,4,"[{""strategy"":1,""time"":2.398}]",1,44,900,1,10,u5a83rs1,,,,,,0
5,o7opjixh,LAB4,0,46,45,payoff,GameOutcome,10.30.85.49,2019-01-24 19:14:32.543879+00:00,1,,,1307,5,"[{""strategy"":1,""time"":2.933}]",1,45,0,1,10,u5a83rs1,,,,,,0
6,3tzs1326,LAB5,0,46,45,payoff,GameOutcome,10.47.177.9,2019-01-24 19:14:33.744233+00:00,1,,,2107,6,"[{""strategy"":1,""time"":0.409},{""strategy"":2,""time"":5.249},{""strategy"":1,""time"":8.77}]",1,59,0,1,10,u5a83rs1,,,,,,0
7,yucx76nj,LAB8,0,46,45,payoff,GameOutcome,10.51.203.60,2019-01-24 19:14:29.560214+00:00,1,,,1806,7,"[{""strategy"":1,""time"":0.249}]",1,12,0,1,10,u5a83rs1,,,,,,0
8,a9caswms,LAB6,0,46,45,payoff,GameOutcome,10.145.91.102,2019-01-24 19:14:33.749936+00:00,1,,,1906,8,"[{""strategy"":1,""time"":5.514},{""strategy"":2,""time"":9.629},{""strategy"":1,""time"":52.388}]",0,1,0,1,10,u5a83rs1,,,,,,0
9,towf6ijh,LAB12,0,46,45,payoff,GameOutcome,10.147.13.174,2019-01-24 19:14:34.314022+00:00,1,,,1607,9,"[{""strategy"":1,""time"":0.743}]",1,57,0,1,10,u5a83rs1,,,,,,0
10,v75dqmax,LAB13,0,46,45,payoff,GameOutcome,10.51.250.60,2019-01-24 19:14:32.576392+00:00,1,,,2007,10,"[{""strategy"":1,""time"":1.05}]",1,12,0,1,10,u5a83rs1,,,,,,0
11,j7yvqfnk,LAB9,0,46,45,payoff,GameOutcome,10.33.189.124,2019-01-24 19:14:36.352740+00:00,1,,,2200,11,"[{""strategy"":2,""time"":1.214}]",2,27,0,1,10,u5a83rs1,,,,,,0
12,h3nu4vm6,LAB14,0,46,45,payoff,GameOutcome,10.16.198.175,2019-01-24 19:14:35.894569+00:00,1,,,1800,12,"[{""strategy"":1,""time"":0.204}]",1,8,0,1,10,u5a83rs1,,,,,,0
13,960qiq0v,LAB15,0,46,45,payoff,GameOutcome,10.149.119.251,2019-01-24 19:14:34.423000+00:00,1,,,1907,13,"[{""strategy"":1,""time"":0.022}]",1,30,0,1,10,u5a83rs1,,,,,,0
14,kv9veiwp,LAB7,0,46,45,payoff,GameOutcome,10.145.91.102,2019-01-24 19:14:37.755345+00:00,1,,,1606,14,"[{""strategy"":1,""time"":0.343}]",1,6,0,1,10,u5a83rs1,,,,,,0
15,40uoe7hc,LAB16,0,46,45,payoff,GameOutcome,10.47.229.186,2019-01-24 19:14:35.226242+00:00,1,,,1207,15,"[{""strategy"":1,""time"":0.485}]",1,39,0,1,10,u5a83rs1,,,,,,0
16,a7q3hufe,LAB17,0,46,45,payoff,GameOutcome,10.45.226.108,2019-01-24 19:14:38.945970+00:00,1,,,1306,16,"[{""strategy"":1,""time"":1.771}]",1,21,0,1,10,u5a83rs1,,,,,,0
17,fo0lbree,LAB18,0,46,45,payoff,GameOutcome,10.35.211.221,2019-01-24 19:14:39.482803+00:00,1,,,2806,17,"[{""strategy"":2,""time"":1.083},{""strategy"":1,""time"":13.985}]",1,31,0,1,10,u5a83rs1,,,,,,0
18,veies0ax,LAB20,0,46,45,payoff,GameOutcome,10.29.86.227,2019-01-24 19:14:40.501945+00:00,1,,,1807,18,"[{""strategy"":1,""time"":3.137}]",1,10,0,1,10,u5a83rs1,,,,,,0
19,6twian0l,LAB19,0,46,45,payoff,GameOutcome,10.123.135.185,2019-01-24 19:14:42.211719+00:00,1,,,606,19,"[{""strategy"":1,""time"":5.437}]",1,47,0,1,10,u5a83rs1,,,,,,0
20,ezvwttsg,LAB21,0,46,45,payoff,GameOutcome,10.63.159.3,2019-01-24 19:14:45.073425+00:00,1,,,2006,20,"[{""strategy"":1,""time"":0.421}]",1,1,0,1,10,u5a83rs1,,,,,,0
21,wfotk6bs,LAB22,0,46,45,payoff,GameOutcome,10.65.212.112,2019-01-24 19:14:55.919089+00:00,1,,,2507,21,"[{""strategy"":1,""time"":0.306}]",1,24,900,1,10,u5a83rs1,,,,,,0
1,i2k63arc,LAB3,0,46,45,payoff,GameOutcome,10.45.83.39,2019-01-24 19:14:24.645787+00:00,1,,,1307,1,"[{""strategy"":1,""time"":6.256},{""strategy"":2,""time"":8.344},{""strategy"":1,""time"":10.744},{""strategy"":2,""time"":13.297},{""strategy"":1,""time"":15.68},{""strategy"":2,""time"":17.832},{""strategy"":1,""time"":19.864},{""strategy"":2,""time"":22.192},{""strategy"":1,""time"":24.208},{""strategy"":2,""time"":26.488},{""strategy"":1,""time"":28.6},{""strategy"":2,""time"":31.144},{""strategy"":1,""time"":33.368},{""strategy"":2,""time"":36.128},{""strategy"":1,""time"":38.832},{""strategy"":2,""time"":41.488},{""strategy"":1,""time"":44.296},{""strategy"":2,""time"":46.376},{""strategy"":1,""time"":49.328},{""strategy"":2,""time"":54.888},{""strategy"":1,""time"":61.952}]",0,0,0,1,11,u5a83rs1,,,,,,0
2,e7vef4ct,LAB2,0,46,45,payoff,GameOutcome,10.7.217.98,2019-01-24 19:14:25.952334+00:00,1,,,2206,2,"[{""strategy"":1,""time"":0.27},{""strategy"":2,""time"":5.268}]",2,38,0,1,11,u5a83rs1,,,,,,0
3,arsuawn4,LAB1,0,46,45,payoff,GameOutcome,10.45.226.108,2019-01-24 19:14:33.522271+00:00,1,,,907,3,"[{""strategy"":2,""time"":3.93},{""strategy"":1,""time"":15.731},{""strategy"":2,""time"":25.746},{""strategy"":1,""time"":35.378},{""strategy"":2,""time"":44.705},{""strategy"":1,""time"":57.554}]",2,34,500,1,11,u5a83rs1,,,,,,0
4,dzvoom61,LAB10,0,46,45,payoff,GameOutcome,10.45.226.108,2019-01-24 19:14:28.455808+00:00,1,,,2007,4,"[{""strategy"":1,""time"":4.464},{""strategy"":2,""time"":12.087}]",2,22,0,1,11,u5a83rs1,,,,,,0
5,o7opjixh,LAB4,0,46,45,payoff,GameOutcome,10.30.85.49,2019-01-24 19:14:32.543879+00:00,1,,,1307,5,"[{""strategy"":1,""time"":6.876}]",1,7,0,1,11,u5a83rs1,,,,,,0
6,3tzs1326,LAB5,0,46,45,payoff,GameOutcome,10.47.177.9,2019-01-24 19:14:33.744233+00:00,1,,,2107,6,"[{""strategy"":1,""time"":0.529},{""strategy"":2,""time"":11.289},{""strategy"":1,""time"":13.01},{""strategy"":2,""time"":13.646},{""strategy"":1,""time"":14.263},{""strategy"":2,""time"":16.057}]",2,24,500,1,11,u5a83rs1,,,,,,0
7,yucx76nj,LAB8,0,46,45,payoff,GameOutcome,10.51.203.60,2019-01-24 19:14:29.560214+00:00,1,,,1806,7,"[{""strategy"":1,""time"":0.287},{""strategy"":2,""time"":7.739},{""strategy"":1,""time"":19.827},{""strategy"":2,""time"":27.358},{""strategy"":1,""time"":40.131},{""strategy"":2,""time"":48.123},{""strategy"":1,""time"":60.029},{""strategy"":2,""time"":63.882}]",2,15,0,1,11,u5a83rs1,,,,,,0
8,a9caswms,LAB6,0,46,45,payoff,GameOutcome,10.145.91.102,2019-01-24 19:14:33.749936+00:00,1,,,1906,8,"[{""strategy"":1,""time"":7.478},{""strategy"":2,""time"":43.237}]",2,46,0,1,11,u5a83rs1,,,,,,0
9,towf6ijh,LAB12,0,46,45,payoff,GameOutcome,10.147.13.174,2019-01-24 19:14:34.314022+00:00,1,,,1607,9,"[{""strategy"":1,""time"":0.61}]",1,1,0,1,11,u5a83rs1,,,,,,0
10,v75dqmax,LAB13,0,46,45,payoff,GameOutcome,10.51.250.60,2019-01-24 19:14:32.576392+00:00,1,,,2007,10,"[{""strategy"":1,""time"":0.895},{""strategy"":2,""time"":12.124}]",2,31,500,1,11,u5a83rs1,,,,,,0
11,j7yvqfnk,LAB9,0,46,45,payoff,GameOutcome,10.33.189.124,2019-01-24 19:14:36.352740+00:00,1,,,2200,11,"[{""strategy"":2,""time"":0.736},{""strategy"":1,""time"":3.19},{""strategy"":2,""time"":7.758},{""strategy"":1,""time"":11.775},{""strategy"":2,""time"":14.982},{""strategy"":1,""time"":19.359},{""strategy"":2,""time"":23.856},{""strategy"":1,""time"":28.338},{""strategy"":2,""time"":32.19},{""strategy"":1,""time"":37.694},{""strategy"":2,""time"":43.24},{""strategy"":1,""time"":50.502},{""strategy"":2,""time"":57.259},{""strategy"":1,""time"":63.798}]",1,43,0,1,11,u5a83rs1,,,,,,0
12,h3nu4vm6,LAB14,0,46,45,payoff,GameOutcome,10.16.198.175,2019-01-24 19:14:35.894569+00:00,1,,,1800,12,"[{""strategy"":1,""time"":0.239},{""strategy"":2,""time"":15.356}]",1,10,0,1,11,u5a83rs1,,,,,,0
13,960qiq0v,LAB15,0,46,45,payoff,GameOutcome,10.149.119.251,2019-01-24 19:14:34.423000+00:00,1,,,1907,13,"[{""strategy"":1,""time"":0.639},{""strategy"":2,""time"":8.909}]",2,12,0,1,11,u5a83rs1,,,,,,0
14,kv9veiwp,LAB7,0,46,45,payoff,GameOutcome,10.145.91.102,2019-01-24 19:14:37.755345+00:00,1,,,1606,14,"[{""strategy"":1,""time"":1.329}]",1,54,0,1,11,u5a83rs1,,,,,,0
15,40uoe7hc,LAB16,0,46,45,payoff,GameOutcome,10.47.229.186,2019-01-24 19:14:35.226242+00:00,1,,,1207,15,"[{""strategy"":1,""time"":6.949},{""strategy"":2,""time"":53.732}]",1,15,0,1,11,u5a83rs1,,,,,,0
16,a7q3hufe,LAB17,0,46,45,payoff,GameOutcome,10.45.226.108,2019-01-24 19:14:38.945970+00:00,1,,,1306,16,"[{""strategy"":1,""time"":8.573},{""strategy"":2,""time"":20.261},{""strategy"":1,""time"":30.533}]",1,36,0,1,11,u5a83rs1,,,,,,0
17,fo0lbree,LAB18,0,46,45,payoff,GameOutcome,10.35.211.221,2019-01-24 19:14:39.482803+00:00,1,,,2806,17,"[{""strategy"":1,""time"":3.316}]",1,30,0,1,11,u5a83rs1,,,,,,0
18,veies0ax,LAB20,0,46,45,payoff,GameOutcome,10.29.86.227,2019-01-24 19:14:40.501945+00:00,1,,,1807,18,"[{""strategy"":1,""time"":1.619},{""strategy"":2,""time"":51.534}]",1,15,0,1,11,u5a83rs1,,,,,,0
19,6twian0l,LAB19,0,46,45,payoff,GameOutcome,10.123.135.185,2019-01-24 19:14:42.211719+00:00,1,,,606,19,"[{""strategy"":1,""time"":10.788},{""strategy"":2,""time"":28.629},{""strategy"":1,""time"":39.084}]",1,14,0,1,11,u5a83rs1,,,,,,0
20,ezvwttsg,LAB21,0,46,45,payoff,GameOutcome,10.63.159.3,2019-01-24 19:14:45.073425+00:00,1,,,2006,20,"[{""strategy"":1,""time"":1.564},{""strategy"":2,""time"":10.682},{""strategy"":1,""time"":19.529},{""strategy"":2,""time"":28.036},{""strategy"":1,""time"":35.801},{""strategy"":2,""time"":39.29},{""strategy"":1,""time"":42.601},{""strategy"":2,""time"":46.115},{""strategy"":1,""time"":48.937},{""strategy"":2,""time"":51.433},{""strategy"":1,""time"":53.889},{""strategy"":2,""time"":56.481},{""strategy"":1,""time"":58.956},{""strategy"":2,""time"":60.866},{""strategy"":1,""time"":61.766},{""strategy"":2,""time"":62.737},{""strategy"":1,""time"":63.89},{""strategy"":2,""time"":64.811}]",1,6,0,1,11,u5a83rs1,,,,,,0
21,wfotk6bs,LAB22,0,46,45,payoff,GameOutcome,10.65.212.112,2019-01-24 19:14:55.919089+00:00,1,,,2507,21,"[{""strategy"":1,""time"":0.291},{""strategy"":2,""time"":43.035}]",1,16,0,1,11,u5a83rs1,,,,,,0
1,i2k63arc,LAB3,0,46,45,payoff,GameOutcome,10.45.83.39,2019-01-24 19:14:24.645787+00:00,1,,,1307,1,"[{""strategy"":1,""time"":2.846}]",1,59,0,1,12,u5a83rs1,,,,,,0
2,e7vef4ct,LAB2,0,46,45,payoff,GameOutcome,10.7.217.98,2019-01-24 19:14:25.952334+00:00,1,,,2206,2,"[{""strategy"":1,""time"":0.293}]",1,38,0,1,12,u5a83rs1,,,,,,0
3,arsuawn4,LAB1,0,46,45,payoff,GameOutcome,10.45.226.108,2019-01-24 19:14:33.522271+00:00,1,,,907,3,"[{""strategy"":2,""time"":3.01},{""strategy"":1,""time"":3.601}]",1,53,0,1,12,u5a83rs1,,,,,,0
4,dzvoom61,LAB10,0,46,45,payoff,GameOutcome,10.45.226.108,2019-01-24 19:14:28.455808+00:00,1,,,2007,4,"[{""strategy"":2,""time"":2.664},{""strategy"":1,""time"":6.104}]",1,57,0,1,12,u5a83rs1,,,,,,0
5,o7opjixh,LAB4,0,46,45,payoff,GameOutcome,10.30.85.49,2019-01-24 19:14:32.543879+00:00,1,,,1307,5,"[{""strategy"":1,""time"":1.674}]",1,47,0,1,12,u5a83rs1,,,,,,0
6,3tzs1326,LAB5,0,46,45,payoff,GameOutcome,10.47.177.9,2019-01-24 19:14:33.744233+00:00,1,,,2107,6,"[{""strategy"":1,""time"":0.146},{""strategy"":2,""time"":21.863},{""strategy"":1,""time"":39.844},{""strategy"":2,""time"":45.114},{""strategy"":1,""time"":59.082},{""strategy"":2,""time"":61.169}]",1,45,0,1,12,u5a83rs1,,,,,,0
7,yucx76nj,LAB8,0,46,45,payoff,GameOutcome,10.51.203.60,2019-01-24 19:14:29.560214+00:00,1,,,1806,7,"[{""strategy"":1,""time"":0.537}]",1,45,0,1,12,u5a83rs1,,,,,,0
8,a9caswms,LAB6,0,46,45,payoff,GameOutcome,10.145.91.102,2019-01-24 19:14:33.749936+00:00,1,,,1906,8,"[{""strategy"":1,""time"":3.2}]",1,27,0,1,12,u5a83rs1,,,,,,0
9,towf6ijh,LAB12,0,46,45,payoff,GameOutcome,10.147.13.174,2019-01-24 19:14:34.314022+00:00,1,,,1607,9,"[{""strategy"":1,""time"":0.48}]",1,23,0,1,12,u5a83rs1,,,,,,0
10,v75dqmax,LAB13,0,46,45,payoff,GameOutcome,10.51.250.60,2019-01-24 19:14:32.576392+00:00,1,,,2007,10,"[{""strategy"":1,""time"":1.308}]",1,34,0,1,12,u5a83rs1,,,,,,0
11,j7yvqfnk,LAB9,0,46,45,payoff,GameOutcome,10.33.189.124,2019-01-24 19:14:36.352740+00:00,1,,,2200,11,"[{""strategy"":1,""time"":0.326}]",1,39,800,1,12,u5a83rs1,,,,,,0
12,h3nu4vm6,LAB14,0,46,45,payoff,GameOutcome,10.16.198.175,2019-01-24 19:14:35.894569+00:00,1,,,1800,12,"[{""strategy"":1,""time"":0.243}]",1,55,0,1,12,u5a83rs1,,,,,,0
13,960qiq0v,LAB15,0,46,45,payoff,GameOutcome,10.149.119.251,2019-01-24 19:14:34.423000+00:00,1,,,1907,13,"[{""strategy"":1,""time"":0.223}]",1,11,0,1,12,u5a83rs1,,,,,,0
14,kv9veiwp,LAB7,0,46,45,payoff,GameOutcome,10.145.91.102,2019-01-24 19:14:37.755345+00:00,1,,,1606,14,"[{""strategy"":1,""time"":0.828}]",1,23,0,1,12,u5a83rs1,,,,,,0
15,40uoe7hc,LAB16,0,46,45,payoff,GameOutcome,10.47.229.186,2019-01-24 19:14:35.226242+00:00,1,,,1207,15,"[{""strategy"":1,""time"":2.647}]",1,46,800,1,12,u5a83rs1,,,,,,0
16,a7q3hufe,LAB17,0,46,45,payoff,GameOutcome,10.45.226.108,2019-01-24 19:14:38.945970+00:00,1,,,1306,16,"[{""strategy"":1,""time"":1.48}]",1,57,0,1,12,u5a83rs1,,,,,,0
17,fo0lbree,LAB18,0,46,45,payoff,GameOutcome,10.35.211.221,2019-01-24 19:14:39.482803+00:00,1,,,2806,17,"[{""strategy"":1,""time"":0.348}]",1,23,800,1,12,u5a83rs1,,,,,,0
18,veies0ax,LAB20,0,46,45,payoff,GameOutcome,10.29.86.227,2019-01-24 19:14:40.501945+00:00,1,,,1807,18,"[{""strategy"":1,""time"":1.757}]",1,56,0,1,12,u5a83rs1,,,,,,0
19,6twian0l,LAB19,0,46,45,payoff,GameOutcome,10.123.135.185,2019-01-24 19:14:42.211719+00:00,1,,,606,19,"[{""strategy"":1,""time"":4.056}]",1,23,0,1,12,u5a83rs1,,,,,,0
20,ezvwttsg,LAB21,0,46,45,payoff,GameOutcome,10.63.159.3,2019-01-24 19:14:45.073425+00:00,1,,,2006,20,"[{""strategy"":1,""time"":1.245}]",1,16,0,1,12,u5a83rs1,,,,,,0
21,wfotk6bs,LAB22,0,46,45,payoff,GameOutcome,10.65.212.112,2019-01-24 19:14:55.919089+00:00,1,,,2507,21,"[{""strategy"":1,""time"":0.223}]",1,47,800,1,12,u5a83rs1,,,,,,0
1,i2k63arc,LAB3,0,46,45,payoff,GameOutcome,10.45.83.39,2019-01-24 19:14:24.645787+00:00,1,,,1307,1,"[{""strategy"":2,""time"":3.299},{""strategy"":1,""time"":30.211},{""strategy"":2,""time"":54.227}]",2,9,0,1,13,u5a83rs1,,,,,,0
2,e7vef4ct,LAB2,0,46,45,payoff,GameOutcome,10.7.217.98,2019-01-24 19:14:25.952334+00:00,1,,,2206,2,"[{""strategy"":1,""time"":0.234}]",1,59,0,1,13,u5a83rs1,,,,,,0
3,arsuawn4,LAB1,0,46,45,payoff,GameOutcome,10.45.226.108,2019-01-24 19:14:33.522271+00:00,1,,,907,3,"[{""strategy"":2,""time"":2.639},{""strategy"":1,""time"":4.639}]",1,7,0,1,13,u5a83rs1,,,,,,0
4,dzvoom61,LAB10,0,46,45,payoff,GameOutcome,10.45.226.108,2019-01-24 19:14:28.455808+00:00,1,,,2007,4,"[{""strategy"":1,""time"":1.841}]",1,9,0,1,13,u5a83rs1,,,,,,0
5,o7opjixh,LAB4,0,46,45,payoff,GameOutcome,10.30.85.49,2019-01-24 19:14:32.543879+00:00,1,,,1307,5,"[{""strategy"":1,""time"":2.685}]",1,36,0,1,13,u5a83rs1,,,,,,0
6,3tzs1326,LAB5,0,46,45,payoff,GameOutcome,10.47.177.9,2019-01-24 19:14:33.744233+00:00,1,,,2107,6,"[{""strategy"":2,""time"":0.548}]",2,58,700,1,13,u5a83rs1,,,,,,0
7,yucx76nj,LAB8,0,46,45,payoff,GameOutcome,10.51.203.60,2019-01-24 19:14:29.560214+00:00,1,,,1806,7,"[{""strategy"":1,""time"":0.225}]",1,40,0,1,13,u5a83rs1,,,,,,0
8,a9caswms,LAB6,0,46,45,payoff,GameOutcome,10.145.91.102,2019-01-24 19:14:33.749936+00:00,1,,,1906,8,"[{""strategy"":2,""time"":5.379},{""strategy"":1,""time"":59.864}]",2,19,0,1,13,u5a83rs1,,,,,,0
9,towf6ijh,LAB12,0,46,45,payoff,GameOutcome,10.147.13.174,2019-01-24 19:14:34.314022+00:00,1,,,1607,9,"[{""strategy"":1,""time"":0.687}]",1,12,0,1,13,u5a83rs1,,,,,,0
10,v75dqmax,LAB13,0,46,45,payoff,GameOutcome,10.51.250.60,2019-01-24 19:14:32.576392+00:00,1,,,2007,10,"[{""strategy"":1,""time"":0.728},{""strategy"":2,""time"":3.841},{""strategy"":1,""time"":15.535}]",1,23,900,1,13,u5a83rs1,,,,,,0
11,j7yvqfnk,LAB9,0,46,45,payoff,GameOutcome,10.33.189.124,2019-01-24 19:14:36.352740+00:00,1,,,2200,11,"[{""strategy"":1,""time"":0.288},{""strategy"":2,""time"":5.388}]",2,33,0,1,13,u5a83rs1,,,,,,0
12,h3nu4vm6,LAB14,0,46,45,payoff,GameOutcome,10.16.198.175,2019-01-24 19:14:35.894569+00:00,1,,,1800,12,"[{""strategy"":1,""time"":0.273}]",1,25,0,1,13,u5a83rs1,,,,,,0
13,960qiq0v,LAB15,0,46,45,payoff,GameOutcome,10.149.119.251,2019-01-24 19:14:34.423000+00:00,1,,,1907,13,"[{""strategy"":1,""time"":0.231}]",1,49,0,1,13,u5a83rs1,,,,,,0
14,kv9veiwp,LAB7,0,46,45,payoff,GameOutcome,10.145.91.102,2019-01-24 19:14:37.755345+00:00,1,,,1606,14,"[{""strategy"":1,""time"":0.356},{""strategy"":2,""time"":5.321},{""strategy"":1,""time"":22.44}]",1,48,900,1,13,u5a83rs1,,,,,,0
15,40uoe7hc,LAB16,0,46,45,payoff,GameOutcome,10.47.229.186,2019-01-24 19:14:35.226242+00:00,1,,,1207,15,"[{""strategy"":1,""time"":2.074}]",1,8,0,1,13,u5a83rs1,,,,,,0
16,a7q3hufe,LAB17,0,46,45,payoff,GameOutcome,10.45.226.108,2019-01-24 19:14:38.945970+00:00,1,,,1306,16,"[{""strategy"":2,""time"":2.624}]",2,59,0,1,13,u5a83rs1,,,,,,0
17,fo0lbree,LAB18,0,46,45,payoff,GameOutcome,10.35.211.221,2019-01-24 19:14:39.482803+00:00,1,,,2806,17,"[{""strategy"":1,""time"":0.85}]",1,41,900,1,13,u5a83rs1,,,,,,0
18,veies0ax,LAB20,0,46,45,payoff,GameOutcome,10.29.86.227,2019-01-24 19:14:40.501945+00:00,1,,,1807,18,"[{""strategy"":1,""time"":0.918}]",1,57,900,1,13,u5a83rs1,,,,,,0
19,6twian0l,LAB19,0,46,45,payoff,GameOutcome,10.123.135.185,2019-01-24 19:14:42.211719+00:00,1,,,606,19,"[{""strategy"":1,""time"":3.137}]",0,0,0,1,13,u5a83rs1,,,,,,0
20,ezvwttsg,LAB21,0,46,45,payoff,GameOutcome,10.63.159.3,2019-01-24 19:14:45.073425+00:00,1,,,2006,20,"[{""strategy"":1,""time"":0.256},{""strategy"":2,""time"":2.148},{""strategy"":1,""time"":4.379}]",1,8,900,1,13,u5a83rs1,,,,,,0
21,wfotk6bs,LAB22,0,46,45,payoff,GameOutcome,10.65.212.112,2019-01-24 19:14:55.919089+00:00,1,,,2507,21,"[{""strategy"":1,""time"":0.423},{""strategy"":2,""time"":3.199},{""strategy"":1,""time"":7.295}]",1,16,0,1,13,u5a83rs1,,,,,,0
1,i2k63arc,LAB3,0,46,45,payoff,GameOutcome,10.45.83.39,2019-01-24 19:14:24.645787+00:00,1,,,1307,1,"[{""strategy"":1,""time"":10.284},{""strategy"":2,""time"":21.811}]",2,38,0,1,14,u5a83rs1,,,,,,0
2,e7vef4ct,LAB2,0,46,45,payoff,GameOutcome,10.7.217.98,2019-01-24 19:14:25.952334+00:00,1,,,2206,2,"[{""strategy"":1,""time"":0.468},{""strategy"":2,""time"":3.832},{""strategy"":1,""time"":57.726},{""strategy"":2,""time"":59.414}]",1,3,0,1,14,u5a83rs1,,,,,,0
3,arsuawn4,LAB1,0,46,45,payoff,GameOutcome,10.45.226.108,2019-01-24 19:14:33.522271+00:00,1,,,907,3,"[{""strategy"":2,""time"":3.51},{""strategy"":1,""time"":20.544},{""strategy"":2,""time"":31.833},{""strategy"":1,""time"":57.876}]",1,24,0,1,14,u5a83rs1,,,,,,0
4,dzvoom61,LAB10,0,46,45,payoff,GameOutcome,10.45.226.108,2019-01-24 19:14:28.455808+00:00,1,,,2007,4,"[{""strategy"":2,""time"":1.953}]",2,28,0,1,14,u5a83rs1,,,,,,0
5,o7opjixh,LAB4,0,46,45,payoff,GameOutcome,10.30.85.49,2019-01-24 19:14:32.543879+00:00,1,,,1307,5,"[{""strategy"":2,""time"":5.365}]",2,38,0,1,14,u5a83rs1,,,,,,0
6,3tzs1326,LAB5,0,46,45,payoff,GameOutcome,10.47.177.9,2019-01-24 19:14:33.744233+00:00,1,,,2107,6,"[{""strategy"":1,""time"":1.23},{""strategy"":2,""time"":5.748},{""strategy"":1,""time"":36.928}]",2,7,400,1,14,u5a83rs1,,,,,,0
7,yucx76nj,LAB8,0,46,45,payoff,GameOutcome,10.51.203.60,2019-01-24 19:14:29.560214+00:00,1,,,1806,7,"[{""strategy"":1,""time"":0.231}]",1,22,0,1,14,u5a83rs1,,,,,,0
8,a9caswms,LAB6,0,46,45,payoff,GameOutcome,10.145.91.102,2019-01-24 19:14:33.749936+00:00,1,,,1906,8,"[{""strategy"":2,""time"":4.537}]",2,36,0,1,14,u5a83rs1,,,,,,0
9,towf6ijh,LAB12,0,46,45,payoff,GameOutcome,10.147.13.174,2019-01-24 19:14:34.314022+00:00,1,,,1607,9,"[{""strategy"":2,""time"":0.791},{""strategy"":1,""time"":7.412}]",1,20,0,1,14,u5a83rs1,,,,,,0
10,v75dqmax,LAB13,0,46,45,payoff,GameOutcome,10.51.250.60,2019-01-24 19:14:32.576392+00:00,1,,,2007,10,"[{""strategy"":2,""time"":1.323},{""strategy"":1,""time"":26.677}]",2,25,0,1,14,u5a83rs1,,,,,,0
11,j7yvqfnk,LAB9,0,46,45,payoff,GameOutcome,10.33.189.124,2019-01-24 19:14:36.352740+00:00,1,,,2200,11,"[{""strategy"":1,""time"":0.548},{""strategy"":2,""time"":3.353}]",2,6,0,1,14,u5a83rs1,,,,,,0
12,h3nu4vm6,LAB14,0,46,45,payoff,GameOutcome,10.16.198.175,2019-01-24 19:14:35.894569+00:00,1,,,1800,12,"[{""strategy"":1,""time"":0.268},{""strategy"":2,""time"":11.377}]",2,30,400,1,14,u5a83rs1,,,,,,0
13,960qiq0v,LAB15,0,46,45,payoff,GameOutcome,10.149.119.251,2019-01-24 19:14:34.423000+00:00,1,,,1907,13,"[{""strategy"":1,""time"":0.685},{""strategy"":2,""time"":7.94},{""strategy"":1,""time"":11.284}]",1,33,0,1,14,u5a83rs1,,,,,,0
14,kv9veiwp,LAB7,0,46,45,payoff,GameOutcome,10.145.91.102,2019-01-24 19:14:37.755345+00:00,1,,,1606,14,"[{""strategy"":1,""time"":0.398},{""strategy"":2,""time"":1.466}]",2,46,0,1,14,u5a83rs1,,,,,,0
15,40uoe7hc,LAB16,0,46,45,payoff,GameOutcome,10.47.229.186,2019-01-24 19:14:35.226242+00:00,1,,,1207,15,"[{""strategy"":2,""time"":3.864}]",2,49,400,1,14,u5a83rs1,,,,,,0
16,a7q3hufe,LAB17,0,46,45,payoff,GameOutcome,10.45.226.108,2019-01-24 19:14:38.945970+00:00,1,,,1306,16,"[{""strategy"":2,""time"":12.314}]",2,22,0,1,14,u5a83rs1,,,,,,0
17,fo0lbree,LAB18,0,46,45,payoff,GameOutcome,10.35.211.221,2019-01-24 19:14:39.482803+00:00,1,,,2806,17,"[{""strategy"":1,""time"":0.332},{""strategy"":2,""time"":8.804}]",1,6,0,1,14,u5a83rs1,,,,,,0
18,veies0ax,LAB20,0,46,45,payoff,GameOutcome,10.29.86.227,2019-01-24 19:14:40.501945+00:00,1,,,1807,18,"[{""strategy"":2,""time"":1.308},{""strategy"":1,""time"":52.592}]",2,32,0,1,14,u5a83rs1,,,,,,0
19,6twian0l,LAB19,0,46,45,payoff,GameOutcome,10.123.135.185,2019-01-24 19:14:42.211719+00:00,1,,,606,19,"[{""strategy"":2,""time"":8.61}]",0,4,0,1,14,u5a83rs1,,,,,,0
20,ezvwttsg,LAB21,0,46,45,payoff,GameOutcome,10.63.159.3,2019-01-24 19:14:45.073425+00:00,1,,,2006,20,"[{""strategy"":2,""time"":2.23}]",2,30,0,1,14,u5a83rs1,,,,,,0
21,wfotk6bs,LAB22,0,46,45,payoff,GameOutcome,10.65.212.112,2019-01-24 19:14:55.919089+00:00,1,,,2507,21,"[{""strategy"":1,""time"":0.476},{""strategy"":2,""time"":1.451},{""strategy"":1,""time"":16.612},{""strategy"":2,""time"":17.66}]",2,52,0,1,14,u5a83rs1,,,,,,0
1,i2k63arc,LAB3,0,46,45,payoff,GameOutcome,10.45.83.39,2019-01-24 19:14:24.645787+00:00,1,,,1307,1,"[{""strategy"":1,""time"":9.165}]",1,41,0,1,15,u5a83rs1,,,,,,0
2,e7vef4ct,LAB2,0,46,45,payoff,GameOutcome,10.7.217.98,2019-01-24 19:14:25.952334+00:00,1,,,2206,2,"[{""strategy"":1,""time"":0.409}]",1,44,0,1,15,u5a83rs1,,,,,,0
3,arsuawn4,LAB1,0,46,45,payoff,GameOutcome,10.45.226.108,2019-01-24 19:14:33.522271+00:00,1,,,907,3,"[{""strategy"":1,""time"":3.065}]",1,43,0,1,15,u5a83rs1,,,,,,0
4,dzvoom61,LAB10,0,46,45,payoff,GameOutcome,10.45.226.108,2019-01-24 19:14:28.455808+00:00,1,,,2007,4,"[{""strategy"":1,""time"":2.317}]",1,54,0,1,15,u5a83rs1,,,,,,0
5,o7opjixh,LAB4,0,46,45,payoff,GameOutcome,10.30.85.49,2019-01-24 19:14:32.543879+00:00,1,,,1307,5,"[{""strategy"":1,""time"":1.812}]",1,33,0,1,15,u5a83rs1,,,,,,0
6,3tzs1326,LAB5,0,46,45,payoff,GameOutcome,10.47.177.9,2019-01-24 19:14:33.744233+00:00,1,,,2107,6,"[{""strategy"":2,""time"":0.468},{""strategy"":1,""time"":9.975}]",2,2,0,1,15,u5a83rs1,,,,,,0
7,yucx76nj,LAB8,0,46,45,payoff,GameOutcome,10.51.203.60,2019-01-24 19:14:29.560214+00:00,1,,,1806,7,"[{""strategy"":1,""time"":0.249}]",1,16,0,1,15,u5a83rs1,,,,,,0
8,a9caswms,LAB6,0,46,45,payoff,GameOutcome,10.145.91.102,2019-01-24 19:14:33.749936+00:00,1,,,1906,8,"[{""strategy"":1,""time"":10.337}]",1,13,0,1,15,u5a83rs1,,,,,,0
9,towf6ijh,LAB12,0,46,45,payoff,GameOutcome,10.147.13.174,2019-01-24 19:14:34.314022+00:00,1,,,1607,9,"[{""strategy"":1,""time"":0.298}]",1,34,0,1,15,u5a83rs1,,,,,,0
10,v75dqmax,LAB13,0,46,45,payoff,GameOutcome,10.51.250.60,2019-01-24 19:14:32.576392+00:00,1,,,2007,10,"[{""strategy"":1,""time"":1.899}]",1,22,0,1,15,u5a83rs1,,,,,,0
11,j7yvqfnk,LAB9,0,46,45,payoff,GameOutcome,10.33.189.124,2019-01-24 19:14:36.352740+00:00,1,,,2200,11,"[{""strategy"":1,""time"":0.933}]",1,10,500,1,15,u5a83rs1,,,,,,0
12,h3nu4vm6,LAB14,0,46,45,payoff,GameOutcome,10.16.198.175,2019-01-24 19:14:35.894569+00:00,1,,,1800,12,"[{""strategy"":1,""time"":0.211}]",1,28,0,1,15,u5a83rs1,,,,,,0
13,960qiq0v,LAB15,0,46,45,payoff,GameOutcome,10.149.119.251,2019-01-24 19:14:34.423000+00:00,1,,,1907,13,"[{""strategy"":1,""time"":0.283}]",1,1,0,1,15,u5a83rs1,,,,,,0
14,kv9veiwp,LAB7,0,46,45,payoff,GameOutcome,10.145.91.102,2019-01-24 19:14:37.755345+00:00,1,,,1606,14,"[{""strategy"":1,""time"":0.376}]",1,18,500,1,15,u5a83rs1,,,,,,0
15,40uoe7hc,LAB16,0,46,45,payoff,GameOutcome,10.47.229.186,2019-01-24 19:14:35.226242+00:00,1,,,1207,15,"[{""strategy"":1,""time"":0.714}]",1,31,0,1,15,u5a83rs1,,,,,,0
16,a7q3hufe,LAB17,0,46,45,payoff,GameOutcome,10.45.226.108,2019-01-24 19:14:38.945970+00:00,1,,,1306,16,"[{""strategy"":1,""time"":3.735}]",1,11,0,1,15,u5a83rs1,,,,,,0
17,fo0lbree,LAB18,0,46,45,payoff,GameOutcome,10.35.211.221,2019-01-24 19:14:39.482803+00:00,1,,,2806,17,"[{""strategy"":1,""time"":0.297}]",1,29,0,1,15,u5a83rs1,,,,,,0
18,veies0ax,LAB20,0,46,45,payoff,GameOutcome,10.29.86.227,2019-01-24 19:14:40.501945+00:00,1,,,1807,18,"[{""strategy"":1,""time"":0.795}]",1,51,0,1,15,u5a83rs1,,,,,,0
19,6twian0l,LAB19,0,46,45,payoff,GameOutcome,10.123.135.185,2019-01-24 19:14:42.211719+00:00,1,,,606,19,"[{""strategy"":1,""time"":4.76}]",1,44,0,1,15,u5a83rs1,,,,,,0
20,ezvwttsg,LAB21,0,46,45,payoff,GameOutcome,10.63.159.3,2019-01-24 19:14:45.073425+00:00,1,,,2006,20,"[{""strategy"":1,""time"":0.259}]",1,21,0,1,15,u5a83rs1,,,,,,0
21,wfotk6bs,LAB22,0,46,45,payoff,GameOutcome,10.65.212.112,2019-01-24 19:14:55.919089+00:00,1,,,2507,21,"[{""strategy"":1,""time"":0.267}]",1,1,500,1,15,u5a83rs1,,,,,,0
1,i2k63arc,LAB3,0,46,45,payoff,GameOutcome,10.45.83.39,2019-01-24 19:14:24.645787+00:00,1,,,1307,1,"[{""strategy"":1,""time"":5.551},{""strategy"":2,""time"":8.68},{""strategy"":1,""time"":11.879},{""strategy"":2,""time"":15.336},{""strategy"":1,""time"":19.161},{""strategy"":2,""time"":23.352},{""strategy"":1,""time"":27.712},{""strategy"":2,""time"":32.096},{""strategy"":1,""time"":36.504},{""strategy"":2,""time"":40.728},{""strategy"":1,""time"":45.337},{""strategy"":2,""time"":49.144},{""strategy"":1,""time"":53.472},{""strategy"":2,""time"":57.144},{""strategy"":1,""time"":64.232}]",2,34,0,1,16,u5a83rs1,,,,,,0
2,e7vef4ct,LAB2,0,46,45,payoff,GameOutcome,10.7.217.98,2019-01-24 19:14:25.952334+00:00,1,,,2206,2,"[{""strategy"":1,""time"":0.254}]",1,53,0,1,16,u5a83rs1,,,,,,0
3,arsuawn4,LAB1,0,46,45,payoff,GameOutcome,10.45.226.108,2019-01-24 19:14:33.522271+00:00,1,,,907,3,"[{""strategy"":1,""time"":3.028}]",1,6,0,1,16,u5a83rs1,,,,,,0
4,dzvoom61,LAB10,0,46,45,payoff,GameOutcome,10.45.226.108,2019-01-24 19:14:28.455808+00:00,1,,,2007,4,"[{""strategy"":1,""time"":0.922}]",1,14,0,1,16,u5a83rs1,,,,,,0
5,o7opjixh,LAB4,0,46,45,payoff,GameOutcome,10.30.85.49,2019-01-24 19:14:32.543879+00:00,1,,,1307,5,"[{""strategy"":1,""time"":1.913}]",1,45,0,1,16,u5a83rs1,,,,,,0
6,3tzs1326,LAB5,0,46,45,payoff,GameOutcome,10.47.177.9,2019-01-24 19:14:33.744233+00:00,1,,,2107,6,"[{""strategy"":1,""time"":0.567}]",1,14,0,1,16,u5a83rs1,,,,,,0
7,yucx76nj,LAB8,0,46,45,payoff,GameOutcome,10.51.203.60,2019-01-24 19:14:29.560214+00:00,1,,,1806,7,"[{""strategy"":1,""time"":0.235}]",1,47,0,1,16,u5a83rs1,,,,,,0
8,a9caswms,LAB6,0,46,45,payoff,GameOutcome,10.145.91.102,2019-01-24 19:14:33.749936+00:00,1,,,1906,8,"[{""strategy"":1,""time"":3.975}]",1,22,0,1,16,u5a83rs1,,,,,,0
9,towf6ijh,LAB12,0,46,45,payoff,GameOutcome,10.147.13.174,2019-01-24 19:14:34.314022+00:00,1,,,1607,9,"[{""strategy"":1,""time"":0.596},{""strategy"":2,""time"":2.884},{""strategy"":1,""time"":3.227},{""strategy"":2,""time"":3.504},{""strategy"":1,""time"":3.771},{""strategy"":2,""time"":4.112},{""strategy"":1,""time"":4.33},{""strategy"":2,""time"":4.516},{""strategy"":1,""time"":4.682},{""strategy"":2,""time"":5.428},{""strategy"":1,""time"":6.683},{""strategy"":2,""time"":8.874},{""strategy"":1,""time"":10.315},{""strategy"":2,""time"":13.52},{""strategy"":1,""time"":14.209},{""strategy"":2,""time"":15.411},{""strategy"":1,""time"":15.749},{""strategy"":2,""time"":17.726},{""strategy"":1,""time"":18.123},{""strategy"":2,""time"":18.478},{""strategy"":1,""time"":62.231}]",1,2,500,1,16,u5a83rs1,,,,,,0
10,v75dqmax,LAB13,0,46,45,payoff,GameOutcome,10.51.250.60,2019-01-24 19:14:32.576392+00:00,1,,,2007,10,"[{""strategy"":1,""time"":1.176}]",1,25,0,1,16,u5a83rs1,,,,,,0
11,j7yvqfnk,LAB9,0,46,45,payoff,GameOutcome,10.33.189.124,2019-01-24 19:14:36.352740+00:00,1,,,2200,11,"[{""strategy"":1,""time"":0.631},{""strategy"":2,""time"":9.601},{""strategy"":1,""time"":13.983}]",2,13,0,1,16,u5a83rs1,,,,,,0
12,h3nu4vm6,LAB14,0,46,45,payoff,GameOutcome,10.16.198.175,2019-01-24 19:14:35.894569+00:00,1,,,1800,12,"[{""strategy"":1,""time"":0.654}]",1,32,0,1,16,u5a83rs1,,,,,,0
13,960qiq0v,LAB15,0,46,45,payoff,GameOutcome,10.149.119.251,2019-01-24 19:14:34.423000+00:00,1,,,1907,13,"[{""strategy"":1,""time"":0.611}]",1,53,0,1,16,u5a83rs1,,,,,,0
14,kv9veiwp,LAB7,0,46,45,payoff,GameOutcome,10.145.91.102,2019-01-24 19:14:37.755345+00:00,1,,,1606,14,"[{""strategy"":1,""time"":0.467}]",1,29,0,1,16,u5a83rs1,,,,,,0
15,40uoe7hc,LAB16,0,46,45,payoff,GameOutcome,10.47.229.186,2019-01-24 19:14:35.226242+00:00,1,,,1207,15,"[{""strategy"":1,""time"":1.204}]",1,33,0,1,16,u5a83rs1,,,,,,0
16,a7q3hufe,LAB17,0,46,45,payoff,GameOutcome,10.45.226.108,2019-01-24 19:14:38.945970+00:00,1,,,1306,16,"[{""strategy"":1,""time"":1.335}]",1,15,0,1,16,u5a83rs1,,,,,,0
17,fo0lbree,LAB18,0,46,45,payoff,GameOutcome,10.35.211.221,2019-01-24 19:14:39.482803+00:00,1,,,2806,17,"[{""strategy"":1,""time"":0.318}]",1,48,0,1,16,u5a83rs1,,,,,,0
18,veies0ax,LAB20,0,46,45,payoff,GameOutcome,10.29.86.227,2019-01-24 19:14:40.501945+00:00,1,,,1807,18,"[{""strategy"":1,""time"":1.477}]",1,58,0,1,16,u5a83rs1,,,,,,0
19,6twian0l,LAB19,0,46,45,payoff,GameOutcome,10.123.135.185,2019-01-24 19:14:42.211719+00:00,1,,,606,19,"[{""strategy"":1,""time"":2.937}]",1,46,0,1,16,u5a83rs1,,,,,,0
20,ezvwttsg,LAB21,0,46,45,payoff,GameOutcome,10.63.159.3,2019-01-24 19:14:45.073425+00:00,1,,,2006,20,"[{""strategy"":1,""time"":0.286}]",1,24,0,1,16,u5a83rs1,,,,,,0
21,wfotk6bs,LAB22,0,46,45,payoff,GameOutcome,10.65.212.112,2019-01-24 19:14:55.919089+00:00,1,,,2507,21,"[{""strategy"":1,""time"":1.432}]",1,25,0,1,16,u5a83rs1,,,,,,0
1,i2k63arc,LAB3,0,46,45,payoff,GameOutcome,10.45.83.39,2019-01-24 19:14:24.645787+00:00,1,,,1307,1,"[{""strategy"":2,""time"":14.392}]",2,45,0,1,17,u5a83rs1,,,,,,0
2,e7vef4ct,LAB2,0,46,45,payoff,GameOutcome,10.7.217.98,2019-01-24 19:14:25.952334+00:00,1,,,2206,2,"[{""strategy"":1,""time"":0.247},{""strategy"":2,""time"":3.051}]",2,53,0,1,17,u5a83rs1,,,,,,0
3,arsuawn4,LAB1,0,46,45,payoff,GameOutcome,10.45.226.108,2019-01-24 19:14:33.522271+00:00,1,,,907,3,"[{""strategy"":2,""time"":3.359}]",2,39,0,1,17,u5a83rs1,,,,,,0
4,dzvoom61,LAB10,0,46,45,payoff,GameOutcome,10.45.226.108,2019-01-24 19:14:28.455808+00:00,1,,,2007,4,"[{""strategy"":1,""time"":2.08},{""strategy"":2,""time"":5.183}]",2,40,0,1,17,u5a83rs1,,,,,,0
5,o7opjixh,LAB4,0,46,45,payoff,GameOutcome,10.30.85.49,2019-01-24 19:14:32.543879+00:00,1,,,1307,5,"[{""strategy"":2,""time"":2.92}]",2,11,0,1,17,u5a83rs1,,,,,,0
6,3tzs1326,LAB5,0,46,45,payoff,GameOutcome,10.47.177.9,2019-01-24 19:14:33.744233+00:00,1,,,2107,6,"[{""strategy"":1,""time"":0.563},{""strategy"":2,""time"":3.235}]",2,58,0,1,17,u5a83rs1,,,,,,0
7,yucx76nj,LAB8,0,46,45,payoff,GameOutcome,10.51.203.60,2019-01-24 19:14:29.560214+00:00,1,,,1806,7,"[{""strategy"":1,""time"":0.767},{""strategy"":2,""time"":6.95}]",2,20,600,1,17,u5a83rs1,,,,,,0
8,a9caswms,LAB6,0,46,45,payoff,GameOutcome,10.145.91.102,2019-01-24 19:14:33.749936+00:00,1,,,1906,8,"[{""strategy"":2,""time"":5.421}]",2,21,0,1,17,u5a83rs1,,,,,,0
9,towf6ijh,LAB12,0,46,45,payoff,GameOutcome,10.147.13.174,2019-01-24 19:14:34.314022+00:00,1,,,1607,9,"[{""strategy"":1,""time"":0.603},{""strategy"":2,""time"":2.592}]",2,32,600,1,17,u5a83rs1,,,,,,0
10,v75dqmax,LAB13,0,46,45,payoff,GameOutcome,10.51.250.60,2019-01-24 19:14:32.576392+00:00,1,,,2007,10,"[{""strategy"":2,""time"":1.658}]",2,2,0,1,17,u5a83rs1,,,,,,0
11,j7yvqfnk,LAB9,0,46,45,payoff,GameOutcome,10.33.189.124,2019-01-24 19:14:36.352740+00:00,1,,,2200,11,"[{""strategy"":2,""time"":0.952},{""strategy"":1,""time"":8.426},{""strategy"":2,""time"":13.868},{""strategy"":1,""time"":20.292},{""strategy"":2,""time"":23.728},{""strategy"":1,""time"":27.228},{""strategy"":2,""time"":30.355},{""strategy"":1,""time"":33.915},{""strategy"":2,""time"":36.221},{""strategy"":1,""time"":39.675},{""strategy"":2,""time"":43.548},{""strategy"":1,""time"":49.469},{""strategy"":2,""time"":52.934},{""strategy"":1,""time"":57.819},{""strategy"":2,""time"":62.403}]",1,59,0,1,17,u5a83rs1,,,,,,0
12,h3nu4vm6,LAB14,0,46,45,payoff,GameOutcome,10.16.198.175,2019-01-24 19:14:35.894569+00:00,1,,,1800,12,"[{""strategy"":1,""time"":0.359},{""strategy"":2,""time"":6.701}]",1,5,0,1,17,u5a83rs1,,,,,,0
13,960qiq0v,LAB15,0,46,45,payoff,GameOutcome,10.149.119.251,2019-01-24 19:14:34.423000+00:00,1,,,1907,13,"[{""strategy"":1,""time"":0.272},{""strategy"":2,""time"":3.997}]",2,29,0,1,17,u5a83rs1,,,,,,0
14,kv9veiwp,LAB7,0,46,45,payoff,GameOutcome,10.145.91.102,2019-01-24 19:14:37.755345+00:00,1,,,1606,14,"[{""strategy"":1,""time"":0.611},{""strategy"":2,""time"":6.682}]",2,44,0,1,17,u5a83rs1,,,,,,0
15,40uoe7hc,LAB16,0,46,45,payoff,GameOutcome,10.47.229.186,2019-01-24 19:14:35.226242+00:00,1,,,1207,15,"[{""strategy"":1,""time"":3.017},{""strategy"":2,""time"":6.92}]",2,54,0,1,17,u5a83rs1,,,,,,0
16,a7q3hufe,LAB17,0,46,45,payoff,GameOutcome,10.45.226.108,2019-01-24 19:14:38.945970+00:00,1,,,1306,16,"[{""strategy"":2,""time"":5.123}]",2,11,0,1,17,u5a83rs1,,,,,,0
17,fo0lbree,LAB18,0,46,45,payoff,GameOutcome,10.35.211.221,2019-01-24 19:14:39.482803+00:00,1,,,2806,17,"[{""strategy"":1,""time"":0.341},{""strategy"":2,""time"":7.02}]",2,53,0,1,17,u5a83rs1,,,,,,0
18,veies0ax,LAB20,0,46,45,payoff,GameOutcome,10.29.86.227,2019-01-24 19:14:40.501945+00:00,1,,,1807,18,"[{""strategy"":2,""time"":2.139}]",2,16,0,1,17,u5a83rs1,,,,,,0
19,6twian0l,LAB19,0,46,45,payoff,GameOutcome,10.123.135.185,2019-01-24 19:14:42.211719+00:00,1,,,606,19,"[{""strategy"":2,""time"":4.402}]",2,56,0,1,17,u5a83rs1,,,,,,0
20,ezvwttsg,LAB21,0,46,45,payoff,GameOutcome,10.63.159.3,2019-01-24 19:14:45.073425+00:00,1,,,2006,20,"[{""strategy"":1,""time"":0.232},{""strategy"":2,""time"":3.613}]",1,1,0,1,17,u5a83rs1,,,,,,0
21,wfotk6bs,LAB22,0,46,45,payoff,GameOutcome,10.65.212.112,2019-01-24 19:14:55.919089+00:00,1,,,2507,21,"[{""strategy"":1,""time"":0.335},{""strategy"":2,""time"":2.31}]",2,5,0,1,17,u5a83rs1,,,,,,0
1,i2k63arc,LAB3,0,46,45,payoff,GameOutcome,10.45.83.39,2019-01-24 19:14:24.645787+00:00,1,,,1307,1,"[{""strategy"":1,""time"":8.073},{""strategy"":2,""time"":9.904},{""strategy"":1,""time"":12.056},{""strategy"":2,""time"":13.857},{""strategy"":1,""time"":15.808},{""strategy"":2,""time"":18.401},{""strategy"":1,""time"":20.617},{""strategy"":2,""time"":23.066},{""strategy"":1,""time"":25.432},{""strategy"":2,""time"":27.769},{""strategy"":1,""time"":29.321},{""strategy"":2,""time"":31.217},{""strategy"":1,""time"":34.113},{""strategy"":2,""time"":36.513},{""strategy"":1,""time"":39.217},{""strategy"":2,""time"":41.465},{""strategy"":1,""time"":44.721},{""strategy"":2,""time"":46.784},{""strategy"":1,""time"":48.609},{""strategy"":2,""time"":52.265},{""strategy"":1,""time"":56.024},{""strategy"":2,""time"":57.265},{""strategy"":1,""time"":58.929},{""strategy"":2,""time"":60.025},{""strategy"":1,""time"":61.577},{""strategy"":2,""time"":62.64},{""strategy"":1,""time"":64.072}]",2,28,0,1,18,u5a83rs1,,,,,,0
2,e7vef4ct,LAB2,0,46,45,payoff,GameOutcome,10.7.217.98,2019-01-24 19:14:25.952334+00:00,1,,,2206,2,"[{""strategy"":1,""time"":0.232},{""strategy"":2,""time"":31.374}]",2,57,0,1,18,u5a83rs1,,,,,,0
3,arsuawn4,LAB1,0,46,45,payoff,GameOutcome,10.45.226.108,2019-01-24 19:14:33.522271+00:00,1,,,907,3,"[{""strategy"":1,""time"":2.656},{""strategy"":2,""time"":12.184},{""strategy"":1,""time"":25.512},{""strategy"":2,""time"":28.111},{""strategy"":1,""time"":38.479},{""strategy"":2,""time"":47.848},{""strategy"":1,""time"":56.066}]",1,47,300,1,18,u5a83rs1,,,,,,0
4,dzvoom61,LAB10,0,46,45,payoff,GameOutcome,10.45.226.108,2019-01-24 19:14:28.455808+00:00,1,,,2007,4,"[{""strategy"":1,""time"":2.893},{""strategy"":2,""time"":14.821},{""strategy"":1,""time"":43.732}]",2,26,0,1,18,u5a83rs1,,,,,,0
5,o7opjixh,LAB4,0,46,45,payoff,GameOutcome,10.30.85.49,2019-01-24 19:14:32.543879+00:00,1,,,1307,5,"[{""strategy"":1,""time"":9.823}]",1,33,0,1,18,u5a83rs1,,,,,,0
6,3tzs1326,LAB5,0,46,45,payoff,GameOutcome,10.47.177.9,2019-01-24 19:14:33.744233+00:00,1,,,2107,6,"[{""strategy"":1,""time"":0.419},{""strategy"":2,""time"":6.494}]",2,58,0,1,18,u5a83rs1,,,,,,0
7,yucx76nj,LAB8,0,46,45,payoff,GameOutcome,10.51.203.60,2019-01-24 19:14:29.560214+00:00,1,,,1806,7,"[{""strategy"":1,""time"":0.392},{""strategy"":2,""time"":32.972}]",1,1,0,1,18,u5a83rs1,,,,,,0
8,a9caswms,LAB6,0,46,45,payoff,GameOutcome,10.145.91.102,2019-01-24 19:14:33.749936+00:00,1,,,1906,8,"[{""strategy"":1,""time"":9.05}]",1,54,0,1,18,u5a83rs1,,,,,,0
9,towf6ijh,LAB12,0,46,45,payoff,GameOutcome,10.147.13.174,2019-01-24 19:14:34.314022+00:00,1,,,1607,9,"[{""strategy"":2,""time"":0.751},{""strategy"":1,""time"":7.057},{""strategy"":2,""time"":34.609},{""strategy"":1,""time"":49.84}]",2,36,0,1,18,u5a83rs1,,,,,,0
10,v75dqmax,LAB13,0,46,45,payoff,GameOutcome,10.51.250.60,2019-01-24 19:14:32.576392+00:00,1,,,2007,10,"[{""strategy"":2,""time"":1.651}]",0,1,0,1,18,u5a83rs1,,,,,,0
11,j7yvqfnk,LAB9,0,46,45,payoff,GameOutcome,10.33.189.124,2019-01-24 19:14:36.352740+00:00,1,,,2200,11,"[{""strategy"":1,""time"":0.809},{""strategy"":2,""time"":7.072},{""strategy"":1,""time"":14.59},{""strategy"":2,""time"":19.758},{""strategy"":1,""time"":23.582},{""strategy"":2,""time"":28.599},{""strategy"":1,""time"":33.886},{""strategy"":2,""time"":38.574},{""strategy"":1,""time"":42.598},{""strategy"":2,""time"":47.07},{""strategy"":1,""time"":50.707},{""strategy"":2,""time"":57.053},{""strategy"":1,""time"":62.599}]",2,10,0,1,18,u5a83rs1,,,,,,0
12,h3nu4vm6,LAB14,0,46,45,payoff,GameOutcome,10.16.198.175,2019-01-24 19:14:35.894569+00:00,1,,,1800,12,"[{""strategy"":1,""time"":0.25}]",1,16,0,1,18,u5a83rs1,,,,,,0
13,960qiq0v,LAB15,0,46,45,payoff,GameOutcome,10.149.119.251,2019-01-24 19:14:34.423000+00:00,1,,,1907,13,"[{""strategy"":1,""time"":0.534}]",1,19,0,1,18,u5a83rs1,,,,,,0
14,kv9veiwp,LAB7,0,46,45,payoff,GameOutcome,10.145.91.102,2019-01-24 19:14:37.755345+00:00,1,,,1606,14,"[{""strategy"":1,""time"":0.386},{""strategy"":2,""time"":13.792}]",2,29,0,1,18,u5a83rs1,,,,,,0
15,40uoe7hc,LAB16,0,46,45,payoff,GameOutcome,10.47.229.186,2019-01-24 19:14:35.226242+00:00,1,,,1207,15,"[{""strategy"":1,""time"":2.333},{""strategy"":2,""time"":32.74}]",1,19,0,1,18,u5a83rs1,,,,,,0
16,a7q3hufe,LAB17,0,46,45,payoff,GameOutcome,10.45.226.108,2019-01-24 19:14:38.945970+00:00,1,,,1306,16,"[{""strategy"":1,""time"":5.67},{""strategy"":2,""time"":43.452}]",1,30,0,1,18,u5a83rs1,,,,,,0
17,fo0lbree,LAB18,0,46,45,payoff,GameOutcome,10.35.211.221,2019-01-24 19:14:39.482803+00:00,1,,,2806,17,"[{""strategy"":1,""time"":0.344}]",1,55,300,1,18,u5a83rs1,,,,,,0
18,veies0ax,LAB20,0,46,45,payoff,GameOutcome,10.29.86.227,2019-01-24 19:14:40.501945+00:00,1,,,1807,18,"[{""strategy"":1,""time"":2.23}]",1,13,0,1,18,u5a83rs1,,,,,,0
19,6twian0l,LAB19,0,46,45,payoff,GameOutcome,10.123.135.185,2019-01-24 19:14:42.211719+00:00,1,,,606,19,"[{""strategy"":1,""time"":9.037},{""strategy"":2,""time"":10.398}]",2,20,0,1,18,u5a83rs1,,,,,,0
20,ezvwttsg,LAB21,0,46,45,payoff,GameOutcome,10.63.159.3,2019-01-24 19:14:45.073425+00:00,1,,,2006,20,"[{""strategy"":1,""time"":0.351},{""strategy"":2,""time"":22.048},{""strategy"":1,""time"":39.803},{""strategy"":2,""time"":59.372},{""strategy"":1,""time"":65.024}]",2,30,0,1,18,u5a83rs1,,,,,,0
21,wfotk6bs,LAB22,0,46,45,payoff,GameOutcome,10.65.212.112,2019-01-24 19:14:55.919089+00:00,1,,,2507,21,"[{""strategy"":1,""time"":0.226}]",1,10,0,1,18,u5a83rs1,,,,,,0
1,i2k63arc,LAB3,0,46,45,payoff,GameOutcome,10.45.83.39,2019-01-24 19:14:24.645787+00:00,1,,,1307,1,"[{""strategy"":1,""time"":15.314},{""strategy"":2,""time"":16.61},{""strategy"":1,""time"":17.93},{""strategy"":2,""time"":18.946},{""strategy"":1,""time"":20.322},{""strategy"":2,""time"":21.458},{""strategy"":1,""time"":22.154},{""strategy"":2,""time"":22.899},{""strategy"":1,""time"":23.585},{""strategy"":2,""time"":24.186},{""strategy"":1,""time"":24.706},{""strategy"":2,""time"":25.241},{""strategy"":1,""time"":25.754},{""strategy"":2,""time"":28.594},{""strategy"":1,""time"":31.282},{""strategy"":2,""time"":31.954},{""strategy"":1,""time"":32.554},{""strategy"":2,""time"":33.234},{""strategy"":1,""time"":33.738},{""strategy"":2,""time"":34.146},{""strategy"":1,""time"":34.642},{""strategy"":2,""time"":35.13},{""strategy"":1,""time"":36.842},{""strategy"":2,""time"":40.114},{""strategy"":1,""time"":42.185},{""strategy"":2,""time"":42.659},{""strategy"":1,""time"":43.09},{""strategy"":2,""time"":43.898},{""strategy"":1,""time"":47.098},{""strategy"":2,""time"":48.459},{""strategy"":1,""time"":48.978},{""strategy"":2,""time"":49.483},{""strategy"":1,""time"":49.987},{""strategy"":2,""time"":50.427},{""strategy"":1,""time"":50.825},{""strategy"":2,""time"":51.324},{""strategy"":1,""time"":55.402},{""strategy"":2,""time"":55.89},{""strategy"":1,""time"":56.314},{""strategy"":2,""time"":56.794},{""strategy"":1,""time"":58.77},{""strategy"":2,""time"":63.002},{""strategy"":1,""time"":63.674},{""strategy"":2,""time"":64.257},{""strategy"":1,""time"":64.802}]",1,37,0,1,19,u5a83rs1,,,,,,0
2,e7vef4ct,LAB2,0,46,45,payoff,GameOutcome,10.7.217.98,2019-01-24 19:14:25.952334+00:00,1,,,2206,2,"[{""strategy"":1,""time"":0.32},{""strategy"":2,""time"":2.407},{""strategy"":1,""time"":24.224}]",1,51,0,1,19,u5a83rs1,,,,,,0
3,arsuawn4,LAB1,0,46,45,payoff,GameOutcome,10.45.226.108,2019-01-24 19:14:33.522271+00:00,1,,,907,3,"[{""strategy"":1,""time"":4.317},{""strategy"":2,""time"":8.429},{""strategy"":1,""time"":17.072},{""strategy"":2,""time"":27.811},{""strategy"":1,""time"":37.209}]",1,56,0,1,19,u5a83rs1,,,,,,0
4,dzvoom61,LAB10,0,46,45,payoff,GameOutcome,10.45.226.108,2019-01-24 19:14:28.455808+00:00,1,,,2007,4,"[{""strategy"":2,""time"":2.295}]",2,49,0,1,19,u5a83rs1,,,,,,0
5,o7opjixh,LAB4,0,46,45,payoff,GameOutcome,10.30.85.49,2019-01-24 19:14:32.543879+00:00,1,,,1307,5,"[{""strategy"":2,""time"":3.485}]",2,22,0,1,19,u5a83rs1,,,,,,0
6,3tzs1326,LAB5,0,46,45,payoff,GameOutcome,10.47.177.9,2019-01-24 19:14:33.744233+00:00,1,,,2107,6,"[{""strategy"":1,""time"":0.698},{""strategy"":2,""time"":9.99}]",2,59,0,1,19,u5a83rs1,,,,,,0
7,yucx76nj,LAB8,0,46,45,payoff,GameOutcome,10.51.203.60,2019-01-24 19:14:29.560214+00:00,1,,,1806,7,"[{""strategy"":1,""time"":0.278}]",1,23,0,1,19,u5a83rs1,,,,,,0
8,a9caswms,LAB6,0,46,45,payoff,GameOutcome,10.145.91.102,2019-01-24 19:14:33.749936+00:00,1,,,1906,8,"[{""strategy"":1,""time"":0.554},{""strategy"":2,""time"":7.077}]",2,49,0,1,19,u5a83rs1,,,,,,0
9,towf6ijh,LAB12,0,46,45,payoff,GameOutcome,10.147.13.174,2019-01-24 19:14:34.314022+00:00,1,,,1607,9,"[{""strategy"":2,""time"":0.969},{""strategy"":1,""time"":32.19},{""strategy"":2,""time"":50.719}]",2,31,0,1,19,u5a83rs1,,,,,,0
10,v75dqmax,LAB13,0,46,45,payoff,GameOutcome,10.51.250.60,2019-01-24 19:14:32.576392+00:00,1,,,2007,10,"[{""strategy"":1,""time"":2.303},{""strategy"":2,""time"":22.07}]",2,25,200,1,19,u5a83rs1,,,,,,0
11,j7yvqfnk,LAB9,0,46,45,payoff,GameOutcome,10.33.189.124,2019-01-24 19:14:36.352740+00:00,1,,,2200,11,"[{""strategy"":1,""time"":0.504},{""strategy"":2,""time"":4.689}]",2,44,0,1,19,u5a83rs1,,,,,,0
12,h3nu4vm6,LAB14,0,46,45,payoff,GameOutcome,10.16.198.175,2019-01-24 19:14:35.894569+00:00,1,,,1800,12,"[{""strategy"":1,""time"":0.486},{""strategy"":2,""time"":7.602},{""strategy"":1,""time"":20.689}]",1,4,0,1,19,u5a83rs1,,,,,,0
13,960qiq0v,LAB15,0,46,45,payoff,GameOutcome,10.149.119.251,2019-01-24 19:14:34.423000+00:00,1,,,1907,13,"[{""strategy"":1,""time"":0.268},{""strategy"":2,""time"":11.402}]",2,19,0,1,19,u5a83rs1,,,,,,0
14,kv9veiwp,LAB7,0,46,45,payoff,GameOutcome,10.145.91.102,2019-01-24 19:14:37.755345+00:00,1,,,1606,14,"[{""strategy"":1,""time"":0.345},{""strategy"":2,""time"":6.984}]",1,4,200,1,19,u5a83rs1,,,,,,0
15,40uoe7hc,LAB16,0,46,45,payoff,GameOutcome,10.47.229.186,2019-01-24 19:14:35.226242+00:00,1,,,1207,15,"[{""strategy"":1,""time"":5.912}]",1,52,0,1,19,u5a83rs1,,,,,,0
16,a7q3hufe,LAB17,0,46,45,payoff,GameOutcome,10.45.226.108,2019-01-24 19:14:38.945970+00:00,1,,,1306,16,"[{""strategy"":2,""time"":2.744},{""strategy"":1,""time"":7.342}]",1,10,200,1,19,u5a83rs1,,,,,,0
17,fo0lbree,LAB18,0,46,45,payoff,GameOutcome,10.35.211.221,2019-01-24 19:14:39.482803+00:00,1,,,2806,17,"[{""strategy"":1,""time"":0.344}]",1,46,0,1,19,u5a83rs1,,,,,,0
18,veies0ax,LAB20,0,46,45,payoff,GameOutcome,10.29.86.227,2019-01-24 19:14:40.501945+00:00,1,,,1807,18,"[{""strategy"":2,""time"":1.892}]",2,23,200,1,19,u5a83rs1,,,,,,0
19,6twian0l,LAB19,0,46,45,payoff,GameOutcome,10.123.135.185,2019-01-24 19:14:42.211719+00:00,1,,,606,19,"[{""strategy"":2,""time"":14.245}]",2,40,200,1,19,u5a83rs1,,,,,,0
20,ezvwttsg,LAB21,0,46,45,payoff,GameOutcome,10.63.159.3,2019-01-24 19:14:45.073425+00:00,1,,,2006,20,"[{""strategy"":1,""time"":0.399},{""strategy"":2,""time"":2.801}]",2,14,0,1,19,u5a83rs1,,,,,,0
21,wfotk6bs,LAB22,0,46,45,payoff,GameOutcome,10.65.212.112,2019-01-24 19:14:55.919089+00:00,1,,,2507,21,"[{""strategy"":1,""time"":0.251}]",1,58,0,1,19,u5a83rs1,,,,,,0
1,i2k63arc,LAB3,0,46,45,payoff,GameOutcome,10.45.83.39,2019-01-24 19:14:24.645787+00:00,1,,,1307,1,"[{""strategy"":1,""time"":8.225},{""strategy"":2,""time"":25.2}]",2,41,0,1,20,u5a83rs1,,,,,,0
2,e7vef4ct,LAB2,0,46,45,payoff,GameOutcome,10.7.217.98,2019-01-24 19:14:25.952334+00:00,1,,,2206,2,"[{""strategy"":1,""time"":0.31},{""strategy"":2,""time"":2.914},{""strategy"":1,""time"":11.872},{""strategy"":2,""time"":13.464},{""strategy"":1,""time"":19.489},{""strategy"":2,""time"":23.552},{""strategy"":1,""time"":27.193},{""strategy"":2,""time"":30.184},{""strategy"":1,""time"":32.096},{""strategy"":2,""time"":33.169},{""strategy"":1,""time"":34.136},{""strategy"":2,""time"":35.288},{""strategy"":1,""time"":36.36},{""strategy"":2,""time"":37.288},{""strategy"":1,""time"":38.216},{""strategy"":2,""time"":39.192},{""strategy"":1,""time"":40.097},{""strategy"":2,""time"":40.903},{""strategy"":1,""time"":41.744},{""strategy"":2,""time"":42.608},{""strategy"":1,""time"":43.559},{""strategy"":2,""time"":44.368},{""strategy"":1,""time"":45.24},{""strategy"":2,""time"":46.177},{""strategy"":1,""time"":47.024},{""strategy"":2,""time"":47.874},{""strategy"":1,""time"":48.751},{""strategy"":2,""time"":49.672},{""strategy"":1,""time"":50.44},{""strategy"":2,""time"":51.496},{""strategy"":1,""time"":52.247},{""strategy"":2,""time"":53.087},{""strategy"":1,""time"":53.863},{""strategy"":2,""time"":54.591},{""strategy"":1,""time"":55.391},{""strategy"":2,""time"":56.095},{""strategy"":1,""time"":56.783},{""strategy"":2,""time"":57.519},{""strategy"":1,""time"":58.179},{""strategy"":2,""time"":58.863},{""strategy"":1,""time"":59.839},{""strategy"":2,""time"":60.503}]",2,24,0,1,20,u5a83rs1,,,,,,0
3,arsuawn4,LAB1,0,46,45,payoff,GameOutcome,10.45.226.108,2019-01-24 19:14:33.522271+00:00,1,,,907,3,"[{""strategy"":1,""time"":5.172},{""strategy"":2,""time"":21.228}]",2,31,0,1,20,u5a83rs1,,,,,,0
4,dzvoom61,LAB10,0,46,45,payoff,GameOutcome,10.45.226.108,2019-01-24 19:14:28.455808+00:00,1,,,2007,4,"[{""strategy"":1,""time"":3.958},{""strategy"":2,""time"":4.526}]",2,23,100,1,20,u5a83rs1,,,,,,0
5,o7opjixh,LAB4,0,46,45,payoff,GameOutcome,10.30.85.49,2019-01-24 19:14:32.543879+00:00,1,,,1307,5,"[{""strategy"":1,""time"":5.732}]",1,40,600,1,20,u5a83rs1,,,,,,0
6,3tzs1326,LAB5,0,46,45,payoff,GameOutcome,10.47.177.9,2019-01-24 19:14:33.744233+00:00,1,,,2107,6,"[{""strategy"":1,""time"":0.658},{""strategy"":2,""time"":5.51}]",2,8,0,1,20,u5a83rs1,,,,,,0
7,yucx76nj,LAB8,0,46,45,payoff,GameOutcome,10.51.203.60,2019-01-24 19:14:29.560214+00:00,1,,,1806,7,"[{""strategy"":1,""time"":0.685}]",1,20,0,1,20,u5a83rs1,,,,,,0
8,a9caswms,LAB6,0,46,45,payoff,GameOutcome,10.145.91.102,2019-01-24 19:14:33.749936+00:00,1,,,1906,8,"[{""strategy"":1,""time"":0.552}]",1,22,0,1,20,u5a83rs1,,,,,,0
9,towf6ijh,LAB12,0,46,45,payoff,GameOutcome,10.147.13.174,2019-01-24 19:14:34.314022+00:00,1,,,1607,9,"[{""strategy"":2,""time"":0.985},{""strategy"":1,""time"":5.312}]",1,25,0,1,20,u5a83rs1,,,,,,0
10,v75dqmax,LAB13,0,46,45,payoff,GameOutcome,10.51.250.60,2019-01-24 19:14:32.576392+00:00,1,,,2007,10,"[{""strategy"":2,""time"":6.568},{""strategy"":1,""time"":14.176}]",1,24,0,1,20,u5a83rs1,,,,,,0
11,j7yvqfnk,LAB9,0,46,45,payoff,GameOutcome,10.33.189.124,2019-01-24 19:14:36.352740+00:00,1,,,2200,11,"[{""strategy"":2,""time"":1.723}]",2,6,0,1,20,u5a83rs1,,,,,,0
12,h3nu4vm6,LAB14,0,46,45,payoff,GameOutcome,10.16.198.175,2019-01-24 19:14:35.894569+00:00,1,,,1800,12,"[{""strategy"":1,""time"":0.245},{""strategy"":2,""time"":7.161}]",1,1,0,1,20,u5a83rs1,,,,,,0
13,960qiq0v,LAB15,0,46,45,payoff,GameOutcome,10.149.119.251,2019-01-24 19:14:34.423000+00:00,1,,,1907,13,"[{""strategy"":1,""time"":0.055}]",1,23,0,1,20,u5a83rs1,,,,,,0
14,kv9veiwp,LAB7,0,46,45,payoff,GameOutcome,10.145.91.102,2019-01-24 19:14:37.755345+00:00,1,,,1606,14,"[{""strategy"":1,""time"":2.038}]",1,4,0,1,20,u5a83rs1,,,,,,0
15,40uoe7hc,LAB16,0,46,45,payoff,GameOutcome,10.47.229.186,2019-01-24 19:14:35.226242+00:00,1,,,1207,15,"[{""strategy"":2,""time"":4.687}]",0,0,0,1,20,u5a83rs1,,,,,,0
16,a7q3hufe,LAB17,0,46,45,payoff,GameOutcome,10.45.226.108,2019-01-24 19:14:38.945970+00:00,1,,,1306,16,"[{""strategy"":2,""time"":1.105}]",2,2,0,1,20,u5a83rs1,,,,,,0
17,fo0lbree,LAB18,0,46,45,payoff,GameOutcome,10.35.211.221,2019-01-24 19:14:39.482803+00:00,1,,,2806,17,"[{""strategy"":1,""time"":0.315},{""strategy"":2,""time"":3.345}]",2,14,0,1,20,u5a83rs1,,,,,,0
18,veies0ax,LAB20,0,46,45,payoff,GameOutcome,10.29.86.227,2019-01-24 19:14:40.501945+00:00,1,,,1807,18,"[{""strategy"":2,""time"":2.668},{""strategy"":1,""time"":4.411}]",1,59,600,1,20,u5a83rs1,,,,,,0
19,6twian0l,LAB19,0,46,45,payoff,GameOutcome,10.123.135.185,2019-01-24 19:14:42.211719+00:00,1,,,606,19,"[{""strategy"":1,""time"":2.77},{""strategy"":2,""time"":7.702},{""strategy"":1,""time"":15.343}]",1,37,0,1,20,u5a83rs1,,,,,,0
20,ezvwttsg,LAB21,0,46,45,payoff,GameOutcome,10.63.159.3,2019-01-24 19:14:45.073425+00:00,1,,,2006,20,"[{""strategy"":1,""time"":0.412},{""strategy"":2,""time"":1.713},{""strategy"":1,""time"":6.594}]",0,0,0,1,20,u5a83rs1,,,,,,0
21,wfotk6bs,LAB22,0,46,45,payoff,GameOutcome,10.65.212.112,2019-01-24 19:14:55.919089+00:00,1,,,2507,21,"[{""strategy"":1,""time"":0.304},{""strategy"":2,""time"":5.28},{""strategy"":1,""time"":20.329}]",2,17,0,1,20,u5a83rs1,,,,,,0
